,Symbol,Ensembl
1,GSX2,ENSG00000180613
2,TBX2,ENSG00000121068
3,PAX8,ENSG00000125618
4,CREB3L1,ENSG00000157613
5,NKX6-1,ENSG00000163623
6,ZNF621,ENSG00000172888
7,ZNF138,ENSG00000197008
9,POU3F3,ENSG00000198914
10,ALX1,ENSG00000180318
11,EMX1,ENSG00000135638
13,VSX2,ENSG00000119614
14,POU1F1,ENSG00000064835
15,RARA,ENSG00000131759
16,TLX3,ENSG00000164438
17,ZIC2,ENSG00000043355
18,ZNF226,ENSG00000167380
19,ZNF808,ENSG00000198482
21,NR3C1,ENSG00000113580
22,HIC2,ENSG00000169635
23,ZNF442,ENSG00000198342
24,FOSL1,ENSG00000175592
25,MTF1,ENSG00000188786
26,YBX3,ENSG00000060138
27,ZNF705A,ENSG00000196946
28,NFE2,ENSG00000123405
29,RAX2,ENSG00000173976
30,SP1,ENSG00000185591
31,ARID3A,ENSG00000116017
32,FEZF1,ENSG00000128610
33,THAP4,ENSG00000176946
34,ZNF286A,ENSG00000187607
35,FOXQ1,ENSG00000164379
36,AIRE,ENSG00000160224
37,SNAI3,ENSG00000185669
38,ZNF224,ENSG00000267680
39,ATOH8,ENSG00000168874
40,MECOM,ENSG00000085276
41,ZNF45,ENSG00000124459
42,ZNF674,ENSG00000251192
43,ZXDA,ENSG00000198205
44,ST18,ENSG00000147488
45,NKX6-2,ENSG00000148826
46,ZNF689,ENSG00000156853
47,ZNF449,ENSG00000173275
48,ZNF2,ENSG00000275111
49,TFDP2,ENSG00000114126
50,ZBTB25,ENSG00000089775
51,PIAS4,ENSG00000105229
52,HES4,ENSG00000188290
54,WT1,ENSG00000184937
55,ZBTB49,ENSG00000168826
56,PAX5,ENSG00000196092
57,MAFG,ENSG00000197063
58,ZNF837,ENSG00000152475
59,FOXD4,ENSG00000170122
60,GATA3,ENSG00000107485
61,HOMEZ,ENSG00000215271
62,ZNF26,ENSG00000198393
63,ZSCAN20,ENSG00000121903
64,MEOX2,ENSG00000106511
65,DMRTA1,ENSG00000176399
66,ZNF567,ENSG00000189042
67,OVOL1,ENSG00000172818
68,PRRX2,ENSG00000167157
69,MAFB,ENSG00000204103
70,ZNF195,ENSG00000005801
71,ZNF75D,ENSG00000186376
72,PIAS2,ENSG00000078043
73,FOXJ1,ENSG00000129654
74,GRHL1,ENSG00000134317
75,KLF11,ENSG00000172059
76,ATF2,ENSG00000115966
77,NFAT5,ENSG00000102908
78,MXD1,ENSG00000059728
79,SMAD3,ENSG00000166949
80,DMRT2,ENSG00000173253
81,BARHL1,ENSG00000125492
82,IKZF4,ENSG00000123411
83,ZNF607,ENSG00000198182
84,E2F7,ENSG00000165891
85,ZNF595,ENSG00000272602
86,ETV5,ENSG00000244405
87,CSRNP3,ENSG00000178662
88,CEBPD,ENSG00000221869
89,ZNF669,ENSG00000188295
90,TBX22,ENSG00000122145
91,ZNF304,ENSG00000131845
92,FOXN4,ENSG00000139445
93,TBX6,ENSG00000149922
94,ZBED2,ENSG00000177494
95,HES5,ENSG00000197921
96,ZNF283,ENSG00000167637
97,PLAG1,ENSG00000181690
98,ZNF512B,ENSG00000196700
100,ZMIZ2,ENSG00000122515
101,TERF2,ENSG00000132604
102,TFAM,ENSG00000108064
103,LCORL,ENSG00000178177
104,THAP5,ENSG00000177683
105,TCF15,ENSG00000125878
106,ZNF75A,ENSG00000162086
107,HMGB2,ENSG00000164104
108,EGR3,ENSG00000179388
109,ZFP69B,ENSG00000187801
110,USF1,ENSG00000158773
111,TBR1,ENSG00000136535
112,SMAD2,ENSG00000175387
113,ZNF165,ENSG00000197279
114,HOXA11,ENSG00000005073
115,LMX1A,ENSG00000162761
116,LHX6,ENSG00000106852
117,ZNF155,ENSG00000204920
118,ZNF16,ENSG00000170631
120,ZSCAN10,ENSG00000130182
121,HNF1B,ENSG00000275410
123,HOXA13,ENSG00000106031
125,TBX1,ENSG00000184058
126,ZNF70,ENSG00000187792
127,ZNF282,ENSG00000170265
128,PRDM13,ENSG00000112238
129,ZNF786,ENSG00000197362
130,ZNF547,ENSG00000152433
131,EOMES,ENSG00000163508
132,HOXB1,ENSG00000120094
133,ZKSCAN3,ENSG00000189298
134,ZNF648,ENSG00000179930
136,WIZ,ENSG00000011451
137,ZNF317,ENSG00000130803
138,ZGLP1,ENSG00000220201
139,BACH2,ENSG00000112182
140,IRX4,ENSG00000113430
141,IRF4,ENSG00000137265
142,HOXA9,ENSG00000078399
143,SMAD7,ENSG00000101665
144,ZNF613,ENSG00000176024
145,SOX30,ENSG00000039600
146,TSC22D4,ENSG00000166925
147,MEOX1,ENSG00000005102
148,ZNF438,ENSG00000183621
149,TCF4,ENSG00000196628
150,ZBTB18,ENSG00000179456
151,RBPJL,ENSG00000124232
152,LYL1,ENSG00000104903
153,BHLHE22,ENSG00000180828
155,IRF3,ENSG00000126456
156,ZNF260,ENSG00000254004
157,PROX2,ENSG00000119608
158,TP63,ENSG00000073282
159,HOXA6,ENSG00000106006
160,DMRTB1,ENSG00000143006
162,YY2,ENSG00000230797
163,ZNF143,ENSG00000166478
165,ZNF841,ENSG00000197608
166,ADNP,ENSG00000101126
167,SPIB,ENSG00000269404
168,BCL11B,ENSG00000127152
169,ZNF513,ENSG00000163795
170,NEUROD6,ENSG00000164600
171,SRF,ENSG00000112658
172,TBXT,ENSG00000164458
173,HOXD9,ENSG00000128709
174,ZBTB47,ENSG00000114853
175,ZNF22,ENSG00000165512
176,NFXL1,ENSG00000170448
177,ZNF543,ENSG00000178229
178,ZNF540,ENSG00000171817
179,SOX14,ENSG00000168875
180,TFAP4,ENSG00000090447
181,ASCL2,ENSG00000183734
182,HEY1,ENSG00000164683
183,EBF3,ENSG00000108001
184,XBP1,ENSG00000100219
185,ZNF562,ENSG00000171466
186,PROP1,ENSG00000175325
187,CDX4,ENSG00000131264
188,SOX10,ENSG00000100146
190,ZNF211,ENSG00000121417
191,ZNF266,ENSG00000174652
192,ZNF580,ENSG00000213015
193,OVOL3,ENSG00000105261
194,ZNF391,ENSG00000124613
195,ATOH1,ENSG00000172238
196,ATF5,ENSG00000169136
197,MYB,ENSG00000118513
198,ALX3,ENSG00000156150
199,SP2,ENSG00000167182
200,THAP2,ENSG00000173451
201,GATA2,ENSG00000179348
202,CDX2,ENSG00000165556
203,OLIG2,ENSG00000205927
204,SIM1,ENSG00000112246
205,ZNF445,ENSG00000185219
206,YBX2,ENSG00000006047
207,ZBTB10,ENSG00000205189
208,ZIK1,ENSG00000171649
209,ZNF611,ENSG00000213020
210,DLX2,ENSG00000115844
211,RREB1,ENSG00000124782
212,GATA1,ENSG00000102145
213,BHLHA15,ENSG00000180535
214,SOX21,ENSG00000125285
215,MAFA,ENSG00000182759
216,PITX1,ENSG00000069011
217,ZNF286B,ENSG00000249459
218,TGIF2LX,ENSG00000153779
219,SATB1,ENSG00000182568
220,SIM2,ENSG00000159263
221,EN1,ENSG00000163064
222,ZNF845,ENSG00000213799
223,DRGX,ENSG00000165606
224,MAX,ENSG00000125952
225,ZNF696,ENSG00000185730
226,ZNF521,ENSG00000198795
227,ZFP62,ENSG00000196670
228,GLI3,ENSG00000106571
229,ZBTB8A,ENSG00000160062
230,ZNF791,ENSG00000173875
231,ZFP42,ENSG00000179059
232,TGIF1,ENSG00000177426
233,ZNF557,ENSG00000130544
234,MEIS3,ENSG00000105419
235,ZNF565,ENSG00000196357
237,DLX1,ENSG00000144355
238,OLIG1,ENSG00000184221
239,GCFC2,ENSG00000005436
240,ZNF124,ENSG00000196418
242,ZNF554,ENSG00000172006
243,ZBTB38,ENSG00000177311
244,ZNF600,ENSG00000189190
245,BSX,ENSG00000188909
246,BHLHE41,ENSG00000123095
247,ZSCAN23,ENSG00000187987
248,HOXA1,ENSG00000105991
249,MLX,ENSG00000108788
250,TSC22D1,ENSG00000102804
251,EGR4,ENSG00000135625
253,ZNF493,ENSG00000196268
254,CREBZF,ENSG00000137504
255,PAX1,ENSG00000125813
256,THAP11,ENSG00000168286
257,ARID4A,ENSG00000032219
258,ZSCAN22,ENSG00000182318
259,ZNF729,ENSG00000196350
260,ZNF221,ENSG00000159905
261,FOXN1,ENSG00000109101
262,MSGN1,ENSG00000151379
263,OTX2,ENSG00000165588
264,TCF7L1,ENSG00000152284
265,THAP6,ENSG00000174796
266,IRF2,ENSG00000168310
267,TFAP2D,ENSG00000008197
268,ZNF239,ENSG00000196793
269,EBF1,ENSG00000164330
270,GBX1,ENSG00000164900
271,REST,ENSG00000084093
272,CSDE1,ENSG00000009307
273,ZNF641,ENSG00000167528
274,ZNF90,ENSG00000213988
275,FOXN3,ENSG00000053254
278,ZNF257,ENSG00000197134
279,C11ORF95,ENSG00000188070
280,ZNF98,ENSG00000197360
281,PPARD,ENSG00000112033
282,ZNF223,ENSG00000178386
283,ZNF561,ENSG00000171469
284,CDX1,ENSG00000113722
285,ZBTB3,ENSG00000185670
286,TADA2B,ENSG00000173011
287,LHX2,ENSG00000106689
289,MEIS2,ENSG00000134138
290,MLXIPL,ENSG00000009950
291,ZNF274,ENSG00000171606
292,HOXB2,ENSG00000173917
293,ZNF816,ENSG00000180257
294,GTF3A,ENSG00000122034
295,NKX2-4,ENSG00000125816
296,ZNF134,ENSG00000213762
297,ETV2,ENSG00000105672
298,POU2F1,ENSG00000143190
299,SALL1,ENSG00000103449
300,ZNF136,ENSG00000196646
302,ZNF780B,ENSG00000128000
303,IRF5,ENSG00000128604
304,ZNF443,ENSG00000180855
305,ETV1,ENSG00000006468
306,HMG20B,ENSG00000064961
307,PGR,ENSG00000082175
308,MYBL2,ENSG00000101057
309,EGR2,ENSG00000122877
310,ZNF397,ENSG00000186812
311,NFATC2,ENSG00000101096
312,OTX1,ENSG00000115507
313,CREM,ENSG00000095794
314,FOXO3,ENSG00000118689
315,ZBTB6,ENSG00000186130
316,ZNF433,ENSG00000197647
317,CREB1,ENSG00000118260
318,POU3F4,ENSG00000196767
319,ZNF672,ENSG00000171161
320,ZNF329,ENSG00000181894
321,SCRT1,ENSG00000261678
322,ZNF140,ENSG00000196387
324,ZNF765,ENSG00000196417
325,CRX,ENSG00000105392
327,BAZ2B,ENSG00000123636
328,ZNF182,ENSG00000147118
329,ZNF467,ENSG00000181444
331,PRDM10,ENSG00000170325
332,ZNF333,ENSG00000160961
333,PRDM1,ENSG00000057657
334,ZIM3,ENSG00000141946
335,GATA4,ENSG00000136574
336,GLIS2,ENSG00000126603
337,ZNF180,ENSG00000167384
338,ZNF366,ENSG00000178175
339,SOX18,ENSG00000203883
340,ZFP1,ENSG00000184517
341,ZNF517,ENSG00000197363
342,HOXD10,ENSG00000128710
343,ZNF112,ENSG00000062370
345,ZNF628,ENSG00000197483
346,ZNF829,ENSG00000185869
347,TADA2A,ENSG00000276234
348,ASCL3,ENSG00000176009
349,ZNF688,ENSG00000229809
350,ZNF784,ENSG00000179922
351,MYOD1,ENSG00000129152
352,SMAD5,ENSG00000113658
353,GSX1,ENSG00000169840
354,DMBX1,ENSG00000197587
355,ZNF419,ENSG00000105136
357,SALL3,ENSG00000256463
358,BBX,ENSG00000114439
359,FEZF2,ENSG00000153266
360,EBF2,ENSG00000221818
361,HMGA2,ENSG00000149948
362,DACH1,ENSG00000276644
364,VAX2,ENSG00000116035
365,MEF2D,ENSG00000116604
366,ZNF273,ENSG00000198039
367,ZNF287,ENSG00000141040
368,ZNF37A,ENSG00000075407
369,RAX,ENSG00000134438
370,OSR2,ENSG00000164920
371,ZNF763,ENSG00000197054
372,TSHZ3,ENSG00000121297
373,ZNF555,ENSG00000186300
374,HOXC10,ENSG00000180818
375,TOX,ENSG00000198846
376,KLF8,ENSG00000102349
377,ZNF235,ENSG00000159917
378,ZNF746,ENSG00000181220
379,VAX1,ENSG00000148704
380,BARX2,ENSG00000043039
381,ZNF311,ENSG00000197935
382,RBPJ,ENSG00000168214
383,PDX1,ENSG00000139515
384,ZXDB,ENSG00000198455
385,ZNF528,ENSG00000167555
386,BATF3,ENSG00000123685
387,HOXC12,ENSG00000123407
388,SMAD1,ENSG00000170365
389,ZFP91,ENSG00000186660
390,HMX2,ENSG00000188816
391,ZNF416,ENSG00000083817
392,ZNF776,ENSG00000152443
393,SPDEF,ENSG00000124664
394,ARID3C,ENSG00000205143
395,ZNF417,ENSG00000173480
396,FOXO1,ENSG00000150907
397,ZNF709,ENSG00000242852
398,FOXH1,ENSG00000160973
399,ZNF80,ENSG00000174255
400,ZNF296,ENSG00000170684
401,ZFX,ENSG00000005889
402,SP4,ENSG00000105866
403,ID1,ENSG00000125968
404,ZNF701,ENSG00000167562
405,CEBPB,ENSG00000172216
407,TULP2,ENSG00000104804
408,RFX1,ENSG00000132005
410,GRHL2,ENSG00000083307
411,ZNF879,ENSG00000234284
412,TEAD3,ENSG00000007866
413,ZNF541,ENSG00000118156
414,ZNF610,ENSG00000167554
415,ELK4,ENSG00000158711
416,TERF1,ENSG00000147601
417,RXRG,ENSG00000143171
418,USF2,ENSG00000105698
419,ZNF35,ENSG00000169981
420,FOXO4,ENSG00000184481
421,RFX2,ENSG00000087903
422,CTCFL,ENSG00000124092
423,AFF1,ENSG00000172493
424,ZNF775,ENSG00000196456
425,ELF2,ENSG00000109381
426,ZNF32,ENSG00000169740
427,LHX5,ENSG00000089116
428,SOHLH1,ENSG00000165643
430,HMGB4,ENSG00000176256
431,ZBTB44,ENSG00000196323
432,ZNF444,ENSG00000167685
433,NKX2-5,ENSG00000183072
434,ARID5B,ENSG00000150347
435,JDP2,ENSG00000140044
436,FOS,ENSG00000170345
437,BARX1,ENSG00000131668
438,LIN28B,ENSG00000187772
439,LHX3,ENSG00000107187
440,NRF1,ENSG00000106459
441,HOXC13,ENSG00000123364
442,FOXS1,ENSG00000179772
443,DMTF1,ENSG00000135164
444,ISL1,ENSG00000016082
445,STAT3,ENSG00000168610
446,ETV6,ENSG00000139083
447,IRX3,ENSG00000177508
448,ZNF627,ENSG00000198551
449,ZKSCAN5,ENSG00000196652
450,NFATC4,ENSG00000100968
451,ZNF212,ENSG00000170260
452,KLF5,ENSG00000102554
453,ZNF572,ENSG00000180938
454,HES1,ENSG00000114315
455,ZNF343,ENSG00000088876
456,ZNF91,ENSG00000167232
457,THAP7,ENSG00000184436
458,GTF2IRD2B,ENSG00000174428
459,ONECUT1,ENSG00000169856
460,ZNF79,ENSG00000196152
462,TRERF1,ENSG00000124496
463,BATF,ENSG00000156127
464,LHX9,ENSG00000143355
465,TOX4,ENSG00000092203
466,REL,ENSG00000162924
467,HOXD11,ENSG00000128713
468,ZBTB34,ENSG00000177125
469,ATF6B,ENSG00000213676
470,FOXD4L6,ENSG00000273514
471,ELK3,ENSG00000111145
472,ZNF559,ENSG00000188321
473,GSC2,ENSG00000063515
474,ONECUT3,ENSG00000205922
475,ARNT,ENSG00000143437
476,ETV4,ENSG00000175832
477,ZNF792,ENSG00000180884
478,IRF1,ENSG00000125347
479,NFATC3,ENSG00000072736
480,PAX2,ENSG00000075891
481,ZNF222,ENSG00000159885
482,KLF4,ENSG00000136826
483,TSC22D3,ENSG00000157514
484,ZNF229,ENSG00000278318
485,TFEC,ENSG00000105967
486,ZNF668,ENSG00000167394
487,HOXD1,ENSG00000128645
488,ASCL1,ENSG00000139352
489,RCOR3,ENSG00000117625
490,ZNF790,ENSG00000197863
491,ZNF605,ENSG00000196458
492,POU4F3,ENSG00000091010
493,ESRRA,ENSG00000173153
494,GLIS3,ENSG00000107249
495,ZNF519,ENSG00000175322
496,ZNF354A,ENSG00000169131
497,ZNF214,ENSG00000149050
499,ZFAT,ENSG00000066827
500,ZKSCAN4,ENSG00000187626
502,FOXA1,ENSG00000129514
503,ZNF658,ENSG00000274349
504,PITX3,ENSG00000107859
505,ZNF496,ENSG00000162714
506,ZNF248,ENSG00000198105
507,KLF10,ENSG00000155090
508,BCL6,ENSG00000113916
509,ZNF875,ENSG00000181666
510,TCF7L2,ENSG00000148737
512,NR1H4,ENSG00000012504
515,POU2F2,ENSG00000028277
516,ZNF432,ENSG00000256087
517,HSF5,ENSG00000176160
518,ZNF382,ENSG00000161298
519,ZNF507,ENSG00000168813
520,MYCL,ENSG00000116990
521,SNAI1,ENSG00000124216
522,NKX6-3,ENSG00000165066
523,SREBF2,ENSG00000198911
524,ZNF347,ENSG00000197937
525,ZNF281,ENSG00000162702
526,BNC2,ENSG00000173068
527,HOXA10,ENSG00000253293
528,SOX4,ENSG00000124766
529,SPI1,ENSG00000066336
530,ZFP90,ENSG00000184939
531,ZNF23,ENSG00000167377
532,SOX11,ENSG00000176887
534,HLX,ENSG00000136630
535,ZNF85,ENSG00000105750
536,ZNF799,ENSG00000196466
537,MEF2C,ENSG00000081189
538,PRDM16,ENSG00000142611
539,ZNF408,ENSG00000175213
540,ZNF200,ENSG00000010539
541,ZNF883,ENSG00000285447
542,ZNF526,ENSG00000167625
543,DBP,ENSG00000105516
544,ZNF473,ENSG00000142528
545,ZNF551,ENSG00000204519
546,IKZF2,ENSG00000030419
547,E4F1,ENSG00000167967
548,OTP,ENSG00000171540
549,ZNF800,ENSG00000048405
550,FERD3L,ENSG00000146618
552,ZNF707,ENSG00000181135
553,ZNF606,ENSG00000166704
554,SOX8,ENSG00000005513
555,GCM1,ENSG00000137270
556,BCL6B,ENSG00000161940
557,HEYL,ENSG00000163909
558,SALL4,ENSG00000101115
559,ZNF18,ENSG00000154957
560,ZSCAN5B,ENSG00000197213
562,NR6A1,ENSG00000148200
563,JUN,ENSG00000177606
564,ZNF141,ENSG00000131127
565,NFX1,ENSG00000086102
566,ARX,ENSG00000004848
567,PEG3,ENSG00000198300
568,RARB,ENSG00000077092
569,NCOR2,ENSG00000196498
571,ZNF331,ENSG00000130844
572,ZNF778,ENSG00000170100
573,NRL,ENSG00000129535
574,MYOG,ENSG00000122180
575,NOTO,ENSG00000214513
576,ZNF205,ENSG00000122386
577,LEF1,ENSG00000138795
578,ZNF529,ENSG00000186020
579,HOXA2,ENSG00000105996
580,ZNF148,ENSG00000163848
582,ZNF322,ENSG00000181315
583,TAL2,ENSG00000186051
584,EMX2,ENSG00000170370
585,KLF2,ENSG00000127528
587,ZNF550,ENSG00000251369
588,ZFP3,ENSG00000180787
589,ZNF597,ENSG00000167981
590,PBX4,ENSG00000105717
591,ZNF652,ENSG00000198740
592,CSDC2,ENSG00000172346
594,ZFHX3,ENSG00000140836
595,ZNF358,ENSG00000198816
596,FOXD1,ENSG00000251493
597,STAT2,ENSG00000170581
598,ZNF431,ENSG00000196705
599,SREBF1,ENSG00000072310
600,ZNF69,ENSG00000198429
601,FOXB2,ENSG00000204612
604,GATA6,ENSG00000141448
605,HIVEP2,ENSG00000010818
606,ZNF100,ENSG00000197020
607,SOHLH2,ENSG00000120669
608,ZKSCAN8,ENSG00000198315
609,HOXC9,ENSG00000180806
610,SP9,ENSG00000217236
611,ZNF684,ENSG00000117010
612,ZNF484,ENSG00000127081
613,ZNF570,ENSG00000171827
614,ZNF251,ENSG00000198169
615,NR1H3,ENSG00000025434
616,ZIC3,ENSG00000156925
617,FEV,ENSG00000163497
618,NFYB,ENSG00000120837
619,ZNF677,ENSG00000197928
620,HOPX,ENSG00000171476
621,ZNF460,ENSG00000197714
622,ARID3B,ENSG00000179361
623,ZNF581,ENSG00000171425
625,ZNF649,ENSG00000198093
626,NKX1-1,ENSG00000235608
627,ZNF469,ENSG00000225614
628,VEZF1,ENSG00000136451
629,ZNF518A,ENSG00000177853
630,TFDP1,ENSG00000198176
631,RELA,ENSG00000173039
632,CREB3L3,ENSG00000060566
633,GZF1,ENSG00000125812
634,ZNF19,ENSG00000157429
636,RUNX2,ENSG00000124813
637,HSF2,ENSG00000025156
638,CARHSP1,ENSG00000153048
639,TFCP2L1,ENSG00000115112
640,TSHZ1,ENSG00000179981
641,ZNF234,ENSG00000263002
642,ZNF43,ENSG00000198521
643,HIF3A,ENSG00000124440
644,FOXE3,ENSG00000186790
645,POU5F2,ENSG00000248483
646,NOBOX,ENSG00000106410
647,FOXR2,ENSG00000189299
648,ID4,ENSG00000172201
649,ZNF93,ENSG00000184635
650,PTF1A,ENSG00000168267
652,PAX6,ENSG00000007372
653,ZNF267,ENSG00000185947
654,PAX7,ENSG00000009709
656,GRHL3,ENSG00000158055
657,ZNF512,ENSG00000243943
658,ZFP2,ENSG00000198939
659,ZNF787,ENSG00000142409
660,GMEB1,ENSG00000162419
661,ZNF700,ENSG00000196757
662,SIX5,ENSG00000177045
663,HOXD8,ENSG00000175879
664,EBF4,ENSG00000088881
665,ZNF692,ENSG00000171163
666,MYT1,ENSG00000196132
668,ZNF615,ENSG00000197619
669,NR2F1,ENSG00000175745
670,IRF7,ENSG00000185507
671,ZNF117,ENSG00000152926
672,ZNF579,ENSG00000218891
673,ZNF556,ENSG00000172000
674,ZNF777,ENSG00000196453
675,FOXE1,ENSG00000178919
676,ZNF680,ENSG00000173041
677,ZIC4,ENSG00000174963
678,NFYC,ENSG00000066136
679,PRDM15,ENSG00000141956
680,ZNF468,ENSG00000204604
681,ID2,ENSG00000115738
682,ZSCAN5A,ENSG00000131848
683,ISL2,ENSG00000159556
684,ZNF710,ENSG00000140548
685,ZIC5,ENSG00000139800
686,ZBED4,ENSG00000100426
687,ZNF679,ENSG00000197123
688,HMBOX1,ENSG00000147421
689,RFX5,ENSG00000143390
690,ZNF687,ENSG00000143373
691,ZNF773,ENSG00000152439
692,HOXB7,ENSG00000260027
693,ZNF470,ENSG00000197016
694,HHEX,ENSG00000152804
695,ANHX,ENSG00000227059
697,ASCL4,ENSG00000187855
698,ZNF480,ENSG00000198464
699,FOXI3,ENSG00000214336
700,ZFP57,ENSG00000204644
701,RFX8,ENSG00000196460
702,GLI4,ENSG00000250571
704,ZNF732,ENSG00000186777
705,TCF12,ENSG00000140262
706,ELK1,ENSG00000126767
707,DBX1,ENSG00000109851
708,GFI1,ENSG00000162676
709,ZNF726,ENSG00000213967
710,SIX3,ENSG00000138083
711,ZSCAN12,ENSG00000158691
712,BATF2,ENSG00000168062
713,NR5A2,ENSG00000116833
714,ZEB2,ENSG00000169554
715,GTF2I,ENSG00000263001
716,ZNF568,ENSG00000198453
717,ZNF217,ENSG00000171940
718,CDC5L,ENSG00000096401
719,TSC22D2,ENSG00000196428
720,PIAS3,ENSG00000131788
721,IRX5,ENSG00000176842
722,ERF,ENSG00000105722
723,ZFP37,ENSG00000136866
724,ETV3,ENSG00000117036
725,TFE3,ENSG00000068323
726,CTCF,ENSG00000102974
727,EGR1,ENSG00000120738
728,TFDP3,ENSG00000183434
729,E2F2,ENSG00000007968
730,ZFP36L2,ENSG00000152518
731,NFIC,ENSG00000141905
732,LCOR,ENSG00000196233
733,ZNF614,ENSG00000142556
734,RFX7,ENSG00000181827
735,ZBTB7A,ENSG00000178951
736,ZNF717,ENSG00000227124
737,ZNF34,ENSG00000196378
738,NR4A2,ENSG00000153234
739,MEF2A,ENSG00000068305
740,ZNF367,ENSG00000165244
741,RCOR1,ENSG00000089902
742,ZNF264,ENSG00000083844
743,ZNF441,ENSG00000197044
744,TWIST1,ENSG00000122691
745,AFF4,ENSG00000072364
746,STAT5A,ENSG00000126561
747,ZNF888,ENSG00000213793
749,ZNF805,ENSG00000204524
750,ZHX3,ENSG00000174306
751,ZNF584,ENSG00000171574
752,PRRX1,ENSG00000116132
753,HOXA3,ENSG00000105997
754,E2F5,ENSG00000133740
755,KLF17,ENSG00000171872
756,RHOXF1,ENSG00000101883
757,NKX2-3,ENSG00000119919
758,ZNF691,ENSG00000164011
759,ZSCAN31,ENSG00000235109
760,ZNF337,ENSG00000130684
761,ZNF429,ENSG00000197013
762,YY1,ENSG00000100811
763,ZNF76,ENSG00000065029
765,ZSCAN2,ENSG00000176371
766,ZNF12,ENSG00000164631
767,DNAJC1,ENSG00000136770
768,ZNF585A,ENSG00000196967
770,FOXA2,ENSG00000125798
771,ZSCAN9,ENSG00000137185
772,ZNF814,ENSG00000204514
773,ZNF697,ENSG00000143067
776,CREB3L2,ENSG00000182158
777,ZNF827,ENSG00000151612
778,ZNF77,ENSG00000175691
779,NEUROG2,ENSG00000178403
780,MSC,ENSG00000178860
781,NEUROD1,ENSG00000162992
782,ZBTB12,ENSG00000204366
783,ZNF629,ENSG00000102870
784,ATOH7,ENSG00000179774
785,KLF7,ENSG00000118263
786,ZBTB48,ENSG00000204859
787,MESP2,ENSG00000188095
788,FOXK1,ENSG00000164916
789,ZBTB41,ENSG00000177888
790,NR2C2,ENSG00000177463
791,ZNF558,ENSG00000167785
792,RFX4,ENSG00000111783
794,PLAGL1,ENSG00000118495
795,ZBTB7B,ENSG00000160685
796,ZNF425,ENSG00000204947
797,HOXB4,ENSG00000182742
798,ZNF500,ENSG00000103199
799,FOXL2,ENSG00000183770
800,PHOX2B,ENSG00000109132
801,ISX,ENSG00000175329
802,ZBTB21,ENSG00000173276
803,ZNF582,ENSG00000018869
805,ZSCAN21,ENSG00000166529
806,STAT6,ENSG00000166888
807,FOXC2,ENSG00000176692
808,TCF3,ENSG00000071564
809,LHX1,ENSG00000273706
810,ID3,ENSG00000117318
811,ARID5A,ENSG00000196843
812,PAX3,ENSG00000135903
813,DEAF1,ENSG00000177030
814,ZNF44,ENSG00000197857
815,KLF1,ENSG00000105610
816,GATAD2B,ENSG00000143614
817,SIX1,ENSG00000126778
818,ONECUT2,ENSG00000119547
819,ZFY,ENSG00000067646
821,NFIA,ENSG00000162599
822,FOXI2,ENSG00000186766
823,TFCP2,ENSG00000135457
825,ZIC1,ENSG00000152977
826,POU6F1,ENSG00000184271
827,FIGLA,ENSG00000183733
828,TFAP2E,ENSG00000116819
829,ZNF213,ENSG00000085644
830,ZNF17,ENSG00000186272
831,HAND1,ENSG00000113196
833,FOXC1,ENSG00000054598
834,PAX9,ENSG00000198807
835,ZNF28,ENSG00000198538
836,MNT,ENSG00000070444
837,NEUROD2,ENSG00000171532
838,ZNF133,ENSG00000125846
840,PRDM9,ENSG00000164256
841,HNF1A,ENSG00000135100
842,ZNF653,ENSG00000161914
843,UNCX,ENSG00000164853
844,TGIF2,ENSG00000118707
845,ZSCAN32,ENSG00000140987
846,ZFHX4,ENSG00000091656
847,ZFP69,ENSG00000187815
848,ETV7,ENSG00000010030
849,TLX1,ENSG00000107807
851,ATF7,ENSG00000170653
852,ZNF74,ENSG00000185252
853,ETV3L,ENSG00000253831
854,FIZ1,ENSG00000179943
855,ZNF177,ENSG00000188629
856,ZKSCAN1,ENSG00000106261
857,HOXA7,ENSG00000122592
858,GATA5,ENSG00000130700
859,THAP3,ENSG00000041988
860,TFEB,ENSG00000112561
861,SOX3,ENSG00000134595
862,MYSM1,ENSG00000162601
863,HEY2,ENSG00000135547
864,ZNF84,ENSG00000198040
866,SUB1,ENSG00000113387
868,SOX13,ENSG00000143842
869,ZBTB37,ENSG00000185278
870,MSX1,ENSG00000163132
871,ZNF564,ENSG00000249709
872,NKX2-1,ENSG00000136352
873,ZNF292,ENSG00000188994
874,ZNF749,ENSG00000186230
875,LHX4,ENSG00000121454
876,HES2,ENSG00000069812
877,HLF,ENSG00000108924
878,IRF9,ENSG00000213928
879,PPARG,ENSG00000132170
880,SHOX2,ENSG00000168779
883,ARID1B,ENSG00000049618
884,ZNF426,ENSG00000130818
885,DLX4,ENSG00000108813
886,ZNF33B,ENSG00000196693
887,ZNF639,ENSG00000121864
888,BARHL2,ENSG00000143032
889,ZNF83,ENSG00000167766
890,HAND2,ENSG00000164107
891,ZBTB42,ENSG00000179627
892,ARNTL2,ENSG00000029153
893,ZNF320,ENSG00000182986
895,TUB,ENSG00000166402
896,ZNF107,ENSG00000196247
897,ZFP36L1,ENSG00000185650
898,ZNF713,ENSG00000178665
899,ARID2,ENSG00000189079
900,ATF4,ENSG00000128272
902,ZNF783,ENSG00000204946
903,HIVEP1,ENSG00000095951
904,MGA,ENSG00000174197
905,ZNF560,ENSG00000198028
906,MSX2,ENSG00000120149
907,ZNF174,ENSG00000103343
908,TRPS1,ENSG00000104447
909,ZNF616,ENSG00000204611
910,DNAJC2,ENSG00000105821
911,ATF3,ENSG00000162772
912,HOXB3,ENSG00000120093
913,ZNF101,ENSG00000181896
914,ZNF583,ENSG00000198440
915,ZNF880,ENSG00000221923
916,ELF4,ENSG00000102034
917,ZHX2,ENSG00000178764
918,GSC,ENSG00000133937
919,ZNF71,ENSG00000197951
920,HBP1,ENSG00000105856
921,HOXB8,ENSG00000120068
922,ZNF302,ENSG00000089335
923,ZFP41,ENSG00000181638
924,TBX20,ENSG00000164532
925,NEUROG1,ENSG00000181965
927,PKNOX2,ENSG00000165495
929,ZSCAN18,ENSG00000121413
930,ZNF334,ENSG00000198185
931,ZNF219,ENSG00000165804
932,THRA,ENSG00000126351
933,ZIM2,ENSG00000269699
935,ZNF181,ENSG00000197841
936,ALX4,ENSG00000052850
937,HDX,ENSG00000165259
938,ZNF530,ENSG00000183647
939,GMEB2,ENSG00000101216
940,SMAD9,ENSG00000120693
941,HOXC11,ENSG00000123388
942,ZNF502,ENSG00000196653
943,ZNF114,ENSG00000178150
944,TBX4,ENSG00000121075
945,E2F6,ENSG00000169016
946,FOXD4L4,ENSG00000184659
947,ZNF233,ENSG00000159915
948,ZNF230,ENSG00000159882
949,ZNF594,ENSG00000180626
950,TULP1,ENSG00000112041
951,HOXB9,ENSG00000170689
953,DLX3,ENSG00000064195
954,ZBTB1,ENSG00000126804
955,AHR,ENSG00000106546
956,ZNF660,ENSG00000144792
957,CSRNP2,ENSG00000110925
958,HIVEP3,ENSG00000127124
959,FOXJ3,ENSG00000198815
960,PRDM8,ENSG00000152784
961,RORC,ENSG00000143365
962,CEBPG,ENSG00000153879
963,BACH1,ENSG00000156273
965,ZNF319,ENSG00000166188
966,FOXR1,ENSG00000176302
967,ZNF41,ENSG00000147124
968,YBX1,ENSG00000065978
969,SATB2,ENSG00000119042
970,ZSCAN1,ENSG00000152467
971,ZNF571,ENSG00000180479
972,NKX2-8,ENSG00000136327
973,ZNF3,ENSG00000166526
974,TEAD2,ENSG00000074219
975,NR5A1,ENSG00000136931
976,ZNF485,ENSG00000198298
977,NR2F2,ENSG00000185551
978,ZNF491,ENSG00000177599
979,SP6,ENSG00000189120
980,ZNF439,ENSG00000171291
982,IKZF1,ENSG00000185811
983,UBP1,ENSG00000153560
985,FOXA3,ENSG00000170608
986,ZBTB26,ENSG00000171448
987,ZNF215,ENSG00000149054
988,ZNF284,ENSG00000186026
989,ZNF667,ENSG00000198046
990,ZKSCAN2,ENSG00000155592
991,THAP9,ENSG00000168152
992,TCF21,ENSG00000118526
993,ZNF197,ENSG00000186448
994,ZNF549,ENSG00000121406
995,PROX1,ENSG00000117707
996,TCFL5,ENSG00000101190
997,FOSL2,ENSG00000075426
998,E2F3,ENSG00000112242
999,BAZ2A,ENSG00000076108
1000,HMGB3,ENSG00000029993
1001,ZNF599,ENSG00000153896
1002,ZNF492,ENSG00000229676
1003,ZNF232,ENSG00000167840
1004,MIER3,ENSG00000155545
1005,GLI1,ENSG00000111087
1006,ZBTB24,ENSG00000112365
1007,ZNF532,ENSG00000074657
1008,ZNF644,ENSG00000122482
1009,HOXD3,ENSG00000128652
1010,UBTF,ENSG00000108312
1011,ZNF410,ENSG00000119725
1013,ZNF92,ENSG00000146757
1014,HINFP,ENSG00000172273
1015,LHX8,ENSG00000162624
1017,ZNF20,ENSG00000132010
1018,ZNF418,ENSG00000196724
1019,ZBTB14,ENSG00000198081
1020,MLXIP,ENSG00000175727
1021,CREB3L4,ENSG00000143578
1024,ZNF548,ENSG00000188785
1026,ZNF655,ENSG00000197343
1028,TBX10,ENSG00000167800
1029,ZNF587,ENSG00000198466
1031,ELF1,ENSG00000120690
1033,LIN28A,ENSG00000131914
1034,HMGXB4,ENSG00000100281
1035,ZNF396,ENSG00000186496
1036,NR2E1,ENSG00000112333
1037,ZNF823,ENSG00000197933
1038,STAT4,ENSG00000138378
1039,ZNF626,ENSG00000188171
1041,TEF,ENSG00000167074
1042,PPARA,ENSG00000186951
1043,ZNF8,ENSG00000278129
1044,ZNF501,ENSG00000186446
1045,ZNF454,ENSG00000178187
1046,PRDM2,ENSG00000116731
1047,ETS1,ENSG00000134954
1048,PRDM6,ENSG00000061455
1049,ZBED3,ENSG00000132846
1050,ZNF354C,ENSG00000177932
1051,ESX1,ENSG00000123576
1052,HOXB6,ENSG00000108511
1053,NFKB1,ENSG00000109320
1054,TULP3,ENSG00000078246
1055,RARG,ENSG00000172819
1056,ZNF705G,ENSG00000215372
1057,OLIG3,ENSG00000177468
1058,ZNF821,ENSG00000102984
1059,HNF4A,ENSG00000101076
1060,TCF7,ENSG00000081059
1061,SMAD4,ENSG00000141646
1062,DMRTC2,ENSG00000142025
1064,NEUROG3,ENSG00000122859
1065,ESR2,ENSG00000140009
1066,ZNF683,ENSG00000176083
1067,ZEB1,ENSG00000148516
1068,NPAS3,ENSG00000151322
1069,ZNF785,ENSG00000197162
1070,HOXA4,ENSG00000197576
1071,ZNF831,ENSG00000124203
1072,HOXB5,ENSG00000120075
1073,HMGXB3,ENSG00000113716
1074,ZNF227,ENSG00000131115
1075,ZNF446,ENSG00000083838
1076,PAXBP1,ENSG00000159086
1078,ARID4B,ENSG00000054267
1079,ZNF157,ENSG00000147117
1080,MXD4,ENSG00000123933
1082,ZFP30,ENSG00000120784
1083,ELF3,ENSG00000163435
1084,INSM2,ENSG00000168348
1085,HMGA1,ENSG00000137309
1086,MITF,ENSG00000187098
1087,MXI1,ENSG00000119950
1088,NR4A1,ENSG00000123358
1089,ZNF585B,ENSG00000245680
1090,TBX21,ENSG00000073861
1091,TFAP2C,ENSG00000087510
1092,HMG20A,ENSG00000140382
1093,ZNF770,ENSG00000198146
1094,KLF6,ENSG00000067082
1095,GLI2,ENSG00000074047
1096,SIX4,ENSG00000100625
1097,ZNF813,ENSG00000198346
1098,ZNF7,ENSG00000147789
1099,FOXK2,ENSG00000141568
1100,ZNF577,ENSG00000161551
1101,RHOXF2B,ENSG00000203989
1102,ZNF623,ENSG00000183309
1103,USF3,ENSG00000176542
1104,SOX12,ENSG00000177732
1105,HSF4,ENSG00000102878
1106,ZNF705E,ENSG00000214534
1107,GCM2,ENSG00000124827
1108,E2F4,ENSG00000205250
1109,FOXP1,ENSG00000114861
1110,FOXF1,ENSG00000103241
1111,DMRT1,ENSG00000137090
1112,ZNF518B,ENSG00000178163
1113,ZNF436,ENSG00000125945
1114,NHLH1,ENSG00000171786
1115,ZBTB33,ENSG00000177485
1116,SP8,ENSG00000164651
1117,NR1D2,ENSG00000174738
1118,FLI1,ENSG00000151702
1119,REPIN1,ENSG00000214022
1120,SNAI2,ENSG00000019549
1121,TFAP2A,ENSG00000137203
1122,ETS2,ENSG00000157557
1124,HOXC5,ENSG00000172789
1125,SOX9,ENSG00000125398
1126,NR2C1,ENSG00000120798
1127,NFYA,ENSG00000001167
1128,NKX3-2,ENSG00000109705
1129,TTF1,ENSG00000125482
1130,NR4A3,ENSG00000119508
1131,ZNF768,ENSG00000169957
1133,FOXI1,ENSG00000168269
1134,ZNF574,ENSG00000105732
1135,FOXL1,ENSG00000176678
1136,ZNF527,ENSG00000189164
1137,CIC,ENSG00000079432
1138,HES6,ENSG00000144485
1139,NKX2-6,ENSG00000180053
1140,NR1D1,ENSG00000126368
1141,ZNF121,ENSG00000197961
1142,ZBTB7C,ENSG00000184828
1143,ZNF619,ENSG00000177873
1144,SOX2,ENSG00000181449
1145,ZNF131,ENSG00000172262
1146,E2F1,ENSG00000101412
1147,ZNF678,ENSG00000181450
1148,ZSCAN25,ENSG00000197037
1149,THAP8,ENSG00000161277
1150,ZNF596,ENSG00000172748
1152,ZBTB2,ENSG00000181472
1153,ZSCAN26,ENSG00000197062
1154,MYF6,ENSG00000111046
1155,ZNF236,ENSG00000130856
1156,ZNF589,ENSG00000164048
1157,TWIST2,ENSG00000233608
1158,PATZ1,ENSG00000100105
1159,LBX1,ENSG00000138136
1160,ZBTB40,ENSG00000184677
1161,ZSCAN16,ENSG00000196812
1162,ZNF202,ENSG00000166261
1163,ZNF782,ENSG00000196597
1165,ZNF721,ENSG00000182903
1166,ZNF676,ENSG00000196109
1167,ZXDC,ENSG00000070476
1168,ZNF576,ENSG00000124444
1169,POU3F1,ENSG00000185668
1170,IRF6,ENSG00000117595
1171,OSR1,ENSG00000143867
1172,PRDM14,ENSG00000147596
1173,ZNF586,ENSG00000083828
1174,TBX19,ENSG00000143178
1175,FOXN2,ENSG00000170802
1176,EVX2,ENSG00000174279
1177,ZBED1,ENSG00000214717
1178,IRX6,ENSG00000159387
1179,PBX2,ENSG00000204304
1180,CLOCK,ENSG00000134852
1181,TAL1,ENSG00000162367
1182,HELT,ENSG00000187821
1183,DLX5,ENSG00000105880
1184,GTF2IRD2,ENSG00000196275
1185,HMGB1,ENSG00000189403
1186,HMX1,ENSG00000215612
1187,GBX2,ENSG00000168505
1188,NFIX,ENSG00000008441
1189,ZNF646,ENSG00000167395
1190,ZNF479,ENSG00000185177
1192,EVX1,ENSG00000106038
1193,MZF1,ENSG00000099326
1194,RUNX3,ENSG00000020633
1195,HOXD12,ENSG00000170178
1196,JUND,ENSG00000130522
1197,RXRB,ENSG00000204231
1198,ZNF208,ENSG00000160321
1199,ZNF383,ENSG00000188283
1200,ESRRB,ENSG00000119715
1201,ZNF891,ENSG00000214029
1202,ZNF699,ENSG00000196110
1203,NR2E3,ENSG00000278570
1204,ZNF335,ENSG00000198026
1205,STAT1,ENSG00000115415
1207,ZFPM1,ENSG00000179588
1208,NFE2L2,ENSG00000116044
1209,ZNF276,ENSG00000158805
1210,ESRRG,ENSG00000196482
1211,ZNF835,ENSG00000127903
1212,TP53,ENSG00000141510
1213,ZNF514,ENSG00000144026
1214,ZFP82,ENSG00000181007
1215,ZNF728,ENSG00000269067
1216,PBX1,ENSG00000185630
1217,NR1I3,ENSG00000143257
1218,ZNF780A,ENSG00000197782
1219,NPAS2,ENSG00000170485
1220,ZNF154,ENSG00000179909
1221,RERE,ENSG00000142599
1222,NFATC1,ENSG00000131196
1223,SALL2,ENSG00000165821
1224,ATF6,ENSG00000118217
1225,PBX3,ENSG00000167081
1227,PKNOX1,ENSG00000160199
1228,ELF5,ENSG00000135374
1229,ZNF714,ENSG00000160352
1230,NFIB,ENSG00000147862
1231,NR0B1,ENSG00000169297
1232,ZNF664,ENSG00000179195
1234,SOX15,ENSG00000129194
1235,RBAK,ENSG00000146587
1236,ZNF14,ENSG00000105708
1237,CDIP1,ENSG00000089486
1238,VSX1,ENSG00000100987
1239,HOXD13,ENSG00000128714
1240,ZNF423,ENSG00000102935
1241,ZNF552,ENSG00000178935
1242,ZNF730,ENSG00000183850
1243,ZNF781,ENSG00000196381
1245,IRX1,ENSG00000170549
1246,ARID1A,ENSG00000117713
1247,ZNF716,ENSG00000182111
1248,PRDM12,ENSG00000130711
1250,KLF13,ENSG00000169926
1251,FOXO6,ENSG00000204060
1252,IRX2,ENSG00000170561
1253,MYBL1,ENSG00000185697
1254,CEBPA,ENSG00000245848
1255,ZNF407,ENSG00000215421
1256,MIXL1,ENSG00000185155
1257,MEIS1,ENSG00000143995
1258,ZNF671,ENSG00000083814
1260,ZNF630,ENSG00000221994
1261,ZNF524,ENSG00000171443
1263,ZNF662,ENSG00000182983
1264,ZNF534,ENSG00000198633
1265,PRDM5,ENSG00000138738
1266,TOX2,ENSG00000124191
1267,ZNF415,ENSG00000170954
1268,ZBTB20,ENSG00000181722
1269,ZNF740,ENSG00000139651
1270,SPIC,ENSG00000166211
1271,TBX15,ENSG00000092607
1272,ZNF766,ENSG00000196214
1273,ZNF25,ENSG00000175395
1274,PMS1,ENSG00000064933
1275,MYC,ENSG00000136997
1276,SIX6,ENSG00000184302
1277,POU2F3,ENSG00000137709
1278,EHF,ENSG00000135373
1279,ZNF544,ENSG00000198131
1281,ZBTB43,ENSG00000169155
1282,ZNF536,ENSG00000198597
1283,ZNF440,ENSG00000171295
1284,RORB,ENSG00000198963
1285,ZNF844,ENSG00000223547
1286,ZNF263,ENSG00000006194
1287,ZNF846,ENSG00000196605
1289,CBFB,ENSG00000067955
1290,NPAS1,ENSG00000130751
1292,ZNF57,ENSG00000171970
1293,EN2,ENSG00000164778
1294,ZFPM2,ENSG00000169946
1295,HESX1,ENSG00000163666
1296,SP3,ENSG00000172845
1297,E2F8,ENSG00000129173
1298,ZNF563,ENSG00000188868
1299,MAFK,ENSG00000198517
1300,ZNF569,ENSG00000196437
1301,ZNF300,ENSG00000145908
1302,HES7,ENSG00000179111
1303,NR1I2,ENSG00000144852
1304,SOX7,ENSG00000171056
1306,ZNF398,ENSG00000197024
1307,ZNF420,ENSG00000197050
1308,NCOR1,ENSG00000141027
1309,SHOX,ENSG00000185960
1310,CEBPE,ENSG00000092067
1311,LITAF,ENSG00000189067
1313,ZBTB11,ENSG00000066422
1314,FOXP2,ENSG00000128573
1315,TLX2,ENSG00000115297
1316,TOX3,ENSG00000103460
1317,NR3C2,ENSG00000151623
1318,POU5F1,ENSG00000204531
1319,ZNF573,ENSG00000189144
1320,ZNF350,ENSG00000256683
1321,ZNF324,ENSG00000083812
1322,ZBTB32,ENSG00000011590
1323,ZNF394,ENSG00000160908
1324,FOXD4L5,ENSG00000204779
1325,AHRR,ENSG00000063438
1326,PRDM4,ENSG00000110851
1327,GFI1B,ENSG00000165702
1328,ZNF341,ENSG00000131061
1329,KLF15,ENSG00000163884
1330,ZMIZ1,ENSG00000108175
1331,ZSCAN4,ENSG00000180532
1333,ZNF256,ENSG00000152454
1334,ZBTB46,ENSG00000130584
1336,HSFY2,ENSG00000169953
1337,HOXC8,ENSG00000037965
1338,ZNF33A,ENSG00000189180
1339,ARNTL,ENSG00000133794
1341,SOX1,ENSG00000182968
1342,DMRT3,ENSG00000064218
1343,ZNF624,ENSG00000197566
1344,NPAS4,ENSG00000174576
1345,ZSCAN30,ENSG00000186814
1346,GLIS1,ENSG00000174332
1347,ZNF146,ENSG00000167635
1348,FOXM1,ENSG00000111206
1350,SIX2,ENSG00000170577
1352,MESP1,ENSG00000166823
1353,BHLHE40,ENSG00000134107
1354,ZNF483,ENSG00000173258
1355,HES3,ENSG00000173673
1356,RUNX1,ENSG00000159216
1357,ZNF430,ENSG00000118620
1358,MYNN,ENSG00000085274
1360,ZNF711,ENSG00000147180
1361,TBX5,ENSG00000089225
1362,POU6F2,ENSG00000106536
1363,RXRA,ENSG00000186350
1365,LBX2,ENSG00000179528
1366,ZNF764,ENSG00000169951
1367,RFX6,ENSG00000185002
1368,SOX17,ENSG00000164736
1370,ZHX1,ENSG00000165156
1371,ZNF48,ENSG00000180035
1372,SP7,ENSG00000170374
1373,CSRNP1,ENSG00000144655
1374,DLX6,ENSG00000006377
1375,HSF1,ENSG00000185122
1376,ERG,ENSG00000157554
1377,MAF,ENSG00000178573
1378,ZNF404,ENSG00000176222
1380,ZNF275,ENSG00000063587
1381,RFX3,ENSG00000080298
1382,MAZ,ENSG00000103495
1383,IKZF5,ENSG00000095574
1384,KLF9,ENSG00000119138
1385,ZNF665,ENSG00000197497
1386,ZNF682,ENSG00000197124
1387,ZNF566,ENSG00000186017
1388,FOXB1,ENSG00000171956
1389,DBX2,ENSG00000185610
1390,FOXG1,ENSG00000176165
1391,JUNB,ENSG00000171223
1392,DPRX,ENSG00000204595
1393,MAFF,ENSG00000185022
1394,SRY,ENSG00000184895
1395,FOXP4,ENSG00000137166
1396,MYRF,ENSG00000124920
1397,AFF2,ENSG00000155966
1398,OVOL2,ENSG00000125850
1399,TGIF2LY,ENSG00000176679
1400,ZSCAN29,ENSG00000140265
1401,ZNF852,ENSG00000178917
1402,TCF23,ENSG00000163792
1403,FOSB,ENSG00000125740
1404,MEIOSIN,ENSG00000237452
1405,NKX2-2,ENSG00000125820
1406,POU3F2,ENSG00000184486
1407,NR2F6,ENSG00000160113
1408,BCL11A,ENSG00000119866
1410,ZNF268,ENSG00000090612
1411,TULP4,ENSG00000130338
1413,HIC1,ENSG00000177374
1414,ZBTB45,ENSG00000119574
1415,ZNF836,ENSG00000196267
1417,ZFHX2,ENSG00000136367
1418,FOXF2,ENSG00000137273
1420,ZNF789,ENSG00000198556
1421,MYT1L,ENSG00000186487
1422,ZNF24,ENSG00000172466
1423,TBX3,ENSG00000135111
1424,NEUROD4,ENSG00000123307
1425,AR,ENSG00000169083
1427,ZNF189,ENSG00000136870
1428,PHOX2A,ENSG00000165462
1429,ZFP64,ENSG00000020256
1430,SMAD6,ENSG00000137834
1431,THAP10,ENSG00000129028
1433,FOXD4L3,ENSG00000187559
1434,TP73,ENSG00000078900
1435,ZNF587B,ENSG00000269343
1436,HOXB13,ENSG00000159184
1438,ZNF184,ENSG00000096654
1439,ZNF471,ENSG00000196263
1440,HOXA5,ENSG00000106004
1441,ZNF362,ENSG00000160094
1442,ZBTB17,ENSG00000116809
1443,ZNF160,ENSG00000170949
1444,GABPA,ENSG00000154727
1445,ZNF142,ENSG00000115568
1446,ZNF771,ENSG00000179965
1447,THAP12,ENSG00000137492
1448,HMX3,ENSG00000188620
1449,ZNF736,ENSG00000234444
1450,ZFP14,ENSG00000142065
1451,RORA,ENSG00000069667
1452,PAX4,ENSG00000106331
1453,ZBTB4,ENSG00000174282
1454,HOXC4,ENSG00000198353
1455,CREB5,ENSG00000146592
1456,POU4F1,ENSG00000152192
1457,KLF12,ENSG00000118922
1458,ZNF345,ENSG00000251247
1459,TEAD1,ENSG00000187079
1460,LMX1B,ENSG00000136944
1461,PIAS1,ENSG00000033800
1462,NR1H2,ENSG00000131408
1463,ZNF324B,ENSG00000249471
1464,MYCN,ENSG00000134323
1465,ZNF175,ENSG00000105497
1466,VENTX,ENSG00000151650
1468,VDR,ENSG00000111424
1469,ZNF546,ENSG00000187187
1470,AFF3,ENSG00000144218
1472,KLF16,ENSG00000129911
1474,ZNF169,ENSG00000175787
1475,ZNF695,ENSG00000197472
1476,SP5,ENSG00000204335
1477,CAMTA2,ENSG00000108509
1478,SOX6,ENSG00000110693
1479,CAMTA1,ENSG00000171735
1480,DDIT3,ENSG00000175197
1482,LEUTX,ENSG00000213921
1484,ZKSCAN7,ENSG00000196345
1486,RCOR2,ENSG00000167771
1487,ARGFX,ENSG00000186103
1488,ZNF30,ENSG00000168661
1489,MNX1,ENSG00000130675
1490,MYF5,ENSG00000111049
1491,ZNF354B,ENSG00000178338
1492,NKX3-1,ENSG00000167034
1493,KLF3,ENSG00000109787
1495,PITX2,ENSG00000164093
1496,ZNF772,ENSG00000197128
1497,ZBTB16,ENSG00000109906
1498,ZNF575,ENSG00000176472
1499,ZNF620,ENSG00000177842
1500,ZNF761,ENSG00000160336
1501,ZNF793,ENSG00000188227
1502,ZNF254,ENSG00000213096
1503,TFAP2B,ENSG00000008196
1504,SNAPC4,ENSG00000165684
1505,ZNF675,ENSG00000197372
1506,ZNF860,ENSG00000197385
1507,FOXD3,ENSG00000187140
1508,ZNF132,ENSG00000131849
1509,NFE2L3,ENSG00000050344
1510,ZNF510,ENSG00000081386
1511,HOXC6,ENSG00000197757
1512,THRB,ENSG00000151090
1513,ZNF774,ENSG00000196391
1514,ZFP28,ENSG00000196867
1515,NFE2L1,ENSG00000082641
1516,HOXD4,ENSG00000170166
1517,ZNF681,ENSG00000196172
1518,NFIL3,ENSG00000165030
1519,FOXP3,ENSG00000049768
1520,CUX2,ENSG00000111249
1521,CREB3,ENSG00000107175
1522,ARNT2,ENSG00000172379
1525,TEAD4,ENSG00000197905
1526,ZNF250,ENSG00000196150
1527,FOXD2,ENSG00000186564
1529,MYRFL,ENSG00000166268
1530,THAP1,ENSG00000131931
1532,ZNF461,ENSG00000197808
1533,IKZF3,ENSG00000161405
1534,FOXJ2,ENSG00000065970
1537,ZNF708,ENSG00000182141
1538,TERB1,ENSG00000249961
1540,IRF8,ENSG00000140968
1541,ZNF705D,ENSG00000215343
1542,MXD3,ENSG00000213347
1543,ZNF506,ENSG00000081665
1544,RHOXF2,ENSG00000131721
1545,NHLH2,ENSG00000177551
1546,STAT5B,ENSG00000173757
1547,ZNF490,ENSG00000188033
1548,ZNF516,ENSG00000101493
1549,NFKB2,ENSG00000077150
1550,ZNF99,ENSG00000213973
1551,ESR1,ENSG00000091831
1552,DMRTA2,ENSG00000142700
1553,INSM1,ENSG00000173404
1554,SOX5,ENSG00000134532
1555,TBX18,ENSG00000112837
1556,HNF4G,ENSG00000164749
1557,ATF1,ENSG00000123268
1558,SCRT2,ENSG00000215397
1560,ZNF384,ENSG00000126746
1561,PLAGL2,ENSG00000126003
1562,POU4F2,ENSG00000151615
1563,NANOG,ENSG00000111704
1564,ZNF81,ENSG00000197779
1565,ZNF497,ENSG00000174586
1566,NR0B2,ENSG00000131910
1569,ZNF135,ENSG00000176293
1570,RELB,ENSG00000104856
1571,GTF2IRD1,ENSG00000006704
1573,ZNF207,ENSG00000010244
1574,LTF,ENSG00000012223
1578,ZNF280C,ENSG00000056277
1580,GPBP1,ENSG00000062194
1582,MLLT10,ENSG00000078403
1584,HIF1A,ENSG00000100644
1587,CAPN15,ENSG00000103326
1590,TAX1BP1,ENSG00000106052
1591,AKNA,ENSG00000106948
1592,CREBL2,ENSG00000111269
1594,CEBPZ,ENSG00000115816
1599,PHTF1,ENSG00000116793
1600,BLZF1,ENSG00000117475
1604,SLC2A4RG,ENSG00000125520
1605,RBCK1,ENSG00000125826
1608,CC2D1A,ENSG00000132024
1611,TCF19,ENSG00000137310
1612,ZNF280D,ENSG00000137871
1613,PREB,ENSG00000138073
1615,CARF,ENSG00000138380
1616,TCF25,ENSG00000141002
1617,ZNF750,ENSG00000141579
1623,ANKRD30A,ENSG00000148513
1628,GATAD1,ENSG00000157259
1630,GPBP1L1,ENSG00000159592
1632,SPZ1,ENSG00000164299
1641,ZNF280A,ENSG00000169548
1643,CNBP,ENSG00000169714
1650,DMRTC1B,ENSG00000184911
1651,PURA,ENSG00000185129
1654,PLSCR1,ENSG00000188313
1655,ZGPAT,ENSG00000197114
1661,NME2,ENSG00000243678
1663,DMRTC1,ENSG00000269502
1664,ZNF280B,ENSG00000275004
