Gene_ID	TSS_ID	Distance_P_Value	CnD_P_Value	Closest_Locus	Closest_TSS
A4GALT	ENST00000642412	0.00798	0.00798	T	T
AADAT	ENST00000502392	0.9073	0.9073	T	T
AASDHPPT	ENST00000278618	0.3537	0.3537	T	T
ABCF1	ENST00000326195	0.03508	0.03508	T	T
ABCF1	ENST00000468958	0.03508	0.03508	T	T
ACBD3	ENST00000366812	0.0144	0.0144	T	T
ACCSL	ENST00000378832	0.02386	0.02386	T	T
ACOT7	ENST00000473466	0.0781	0.0781	T	T
ACP5	ENST00000590832	0.005185	0.005185	T	T
ACRV1	ENST00000315608	0.03823	0.03823	T	T
ACRV1	ENST00000530048	0.03823	0.03823	T	T
ADAM29	ENST00000514159	0.09821	0.09821	T	T
ADAM32	ENST00000521741	0.2708	0.2708	T	T
ADAMTS10	ENST00000595838	0.01288	0.01288	T	T
ADGB	ENST00000397944	0.01189	0.01189	T	T
ADGRE5	ENST00000358600	0.1085	0.1085	T	T
ADGRE5	ENST00000358600	0.1105	0.1105	F	T
ADGRF1	ENST00000283297	0.01163	0.01163	T	T
ADGRF3	ENST00000311519	0.006467	0.006467	T	T
ADGRL4	ENST00000662640	0.1015	0.1015	T	T
ADK	ENST00000372734	0.02762	0.02762	T	T
ADO	ENST00000373783	0.000177	0.000177	T	T
ADRA1B	ENST00000641205	0.2688	0.2688	T	T
ADRA2A	ENST00000280155	0.9894	0.9894	T	T
ADTRP	ENST00000229583	0.04022	0.04022	T	T
AGA	ENST00000264595	0.4353	0.4353	T	T
AGBL4	ENST00000334103	0.1536	0.1536	T	T
AIPL1	ENST00000570584	0.09947	0.09947	T	T
AIPL1	ENST00000570584	0.09974	0.09974	F	T
AKAP9	ENST00000435423	0.005673	0.005673	T	T
AKAP9	ENST00000491695	0.03636	0.03636	T	T
ALCAM	ENST00000306107	0.5622	0.5622	T	T
ALG2	ENST00000319033	0.08274	0.08274	T	T
ALKAL2	ENST00000452023	0.262	0.262	T	T
AMBRA1	ENST00000314845	0.1186	0.1186	T	T
ANAPC1	ENST00000427997	0.1441	0.1441	T	T
ANGPT1	ENST00000520052	0.4136	0.4136	T	T
ANGPT1	ENST00000520734	0.4136	0.4136	T	T
ANGPTL8	ENST00000616433	0.000211	0.000211	T	T
ANK1	ENST00000289734	0.04064	0.04064	T	T
ANK1	ENST00000347528	0.04064	0.04064	T	T
ANK2	ENST00000510275	0.000402	0.000402	T	T
ANKRD12	ENST00000400020	0.03319	0.03319	T	T
ANKRD18B	ENST00000290943	0.006131	0.006131	T	T
ANKRD46	ENST00000519316	0.1866	0.1866	T	T
ANKRD46	ENST00000519316	0.1873	0.1873	F	T
ANKS1B	ENST00000552748	0.1052	0.1052	T	T
ANO10	ENST00000448045	0.1198	0.1198	T	T
ANXA10	ENST00000359299	0.8235	0.8235	T	T
ANXA13	ENST00000520519	0.05249	0.05249	T	T
ANXA8L1	ENST00000584982	0.06183	0.06183	T	T
ANXA8L1	ENST00000613703	0.06183	0.06183	T	T
AOPEP	ENST00000445181	0.1169	0.1169	T	T
AP1G1	ENST00000564155	0.01845	0.01845	T	T
AP3M2	ENST00000174653	0.07972	0.07972	T	T
AP3M2	ENST00000518421	0.07972	0.07972	T	T
APBA3	ENST00000316757	7.599e-05	7.599e-05	T	T
APCDD1L	ENST00000425773	0.05594	0.05594	T	T
ARHGAP26	ENST00000274498	0.0116	0.0116	T	T
ARHGAP26	ENST00000645722	0.0116	0.0116	T	T
ARHGAP26	ENST00000469131	0.04338	0.04338	T	T
ARHGEF17	ENST00000263674	0.00264	0.00264	T	T
ARHGEF26	ENST00000356448	0.2275	0.2275	T	T
ARHGEF3	ENST00000473779	0.04836	0.04836	T	T
ARL5B	ENST00000377275	0.3854	0.3854	T	T
ARMH4	ENST00000555101	0.2627	0.2627	T	T
ASB1	ENST00000409297	0.3167	0.3167	T	T
ASGR1	ENST00000574330	0.04235	0.04235	T	T
ASS1	ENST00000443588	0.08957	0.08957	T	T
ASXL1	ENST00000645688	0.04797	0.04797	T	T
ASXL3	ENST00000269197	0.05125	0.05125	T	T
ATP10A	ENST00000356865	0.07993	0.07993	T	T
ATP13A3	ENST00000429136	0.008364	0.008364	T	T
ATP2B2	ENST00000644553	0.04755	0.04755	T	T
ATP5MC3	ENST00000284727	0.06914	0.06914	T	T
ATP6V1G1	ENST00000374050	0.0661	0.0661	T	T
ATP8B1	ENST00000585322	0.1108	0.1108	T	T
AUTS2	ENST00000644506	0.0606	0.0606	T	T
AVPR1B	ENST00000367126	0.01156	0.01156	T	T
B3GALNT1	ENST00000652593	0.05925	0.05925	T	T
B3GALNT2	ENST00000313984	0.08004	0.08004	T	T
B3GALT2	ENST00000367434	0.8584	0.8584	T	T
B3GALT4	ENST00000451237	0.006473	0.006473	T	T
B3GAT1	ENST00000312527	0.7857	0.7857	T	T
B4GALT5	ENST00000371711	0.02323	0.02323	T	T
BAIAP2L1	ENST00000005260	0.2128	0.2128	T	T
BAIAP2L2	ENST00000381669	0.008382	0.008382	T	T
BAZ1A	ENST00000358716	0.08467	0.08467	T	T
BCAR3	ENST00000370243	0.007149	0.007149	T	T
BCAR3	ENST00000370247	0.01796	0.01796	T	T
BCHE	ENST00000264381	0.0225	0.0225	T	T
BCKDHB	ENST00000320393	0.03962	0.03962	T	T
BCL2L11	ENST00000438054	0.4747	0.4747	T	T
BCL2L11	ENST00000438054	0.6083	0.6083	F	T
BHLHA9	ENST00000391429	0.01806	0.01806	T	T
BICC1	ENST00000263103	0.3147	0.3147	T	T
BMP2	ENST00000378827	0.5486	0.5486	T	T
BMP2	ENST00000378827	0.8152	0.8152	F	T
BPI	ENST00000417318	0.02179	0.02179	T	T
BPIFB1	ENST00000253354	0.05885	0.05885	T	T
BRINP2	ENST00000361539	0.4146	0.4146	T	T
BRME1	ENST00000588115	0.006347	0.006347	T	T
C1GALT1	ENST00000436587	0.0426	0.0426	T	T
C1QTNF4	ENST00000302514	0.01234	0.01234	T	T
C1QTNF7	ENST00000295297	0.02753	0.02753	T	T
C5AR1	ENST00000594787	0.006761	0.006761	T	T
CABIN1	ENST00000337989	0.1281	0.1281	T	T
CACNA1G	ENST00000506520	0.01194	0.01194	T	T
CALCOCO1	ENST00000262059	0.1406	0.1406	T	T
CALCRL	ENST00000392370	0.03303	0.03303	T	T
CALCRL	ENST00000410068	0.03303	0.03303	T	T
CALCRL	ENST00000410102	0.03303	0.03303	T	T
CALCRL	ENST00000447403	0.03303	0.03303	T	T
CALML6	ENST00000378604	0.003008	0.003008	T	T
CAMK1D	ENST00000615792	0.04823	0.04823	T	T
CAMK1D	ENST00000615792	0.04889	0.04889	F	T
CAMKK2	ENST00000652382	0.004665	0.004665	T	T
CAPN7	ENST00000253693	0.02141	0.02141	T	T
CBR4	ENST00000306193	0.1335	0.1335	T	T
CBWD2	ENST00000259199	0.06788	0.06788	T	T
CCDC113	ENST00000219299	0.0006439	0.0006439	T	T
CCDC113	ENST00000443128	0.0006439	0.0006439	T	T
CCDC134	ENST00000255784	0.001334	0.001334	T	T
CCDC134	ENST00000402061	0.001334	0.001334	T	T
CCDC149	ENST00000389609	0.02754	0.02754	T	T
CCDC182	ENST00000299415	0.02695	0.02695	T	T
CCDC188	ENST00000439765	0.00043	0.00043	T	T
CCDC192	ENST00000514853	0.3442	0.3442	T	T
CCDC192	ENST00000514853	0.3444	0.3444	F	T
CCDC192	ENST00000514853	0.3447	0.3447	F	T
CCDC3	ENST00000378825	0.02446	0.02446	T	T
CCDC39	ENST00000651046	0.03247	0.03247	T	T
CCDC60	ENST00000539847	0.1694	0.1694	T	T
CCDC66	ENST00000326595	0.04202	0.04202	T	T
CCDC73	ENST00000531481	0.057	0.057	T	T
CCDC88C	ENST00000556726	0.01726	0.01726	T	T
CCR7	ENST00000246657	0.06464	0.06464	T	T
CD109	ENST00000287097	0.5532	0.5532	T	T
CD1E	ENST00000368162	0.000101	0.000101	T	T
CD2BP2	ENST00000569466	0.07997	0.07997	T	T
CD53	ENST00000648608	0.1729	0.1729	T	T
CD8A	ENST00000409511	0.001113	0.001113	T	T
CDC7	ENST00000426137	0.2678	0.2678	T	T
CDH1	ENST00000422392	0.04149	0.04149	T	T
CDH11	ENST00000564317	0.4692	0.4692	T	T
CDH12	ENST00000522262	0.6586	0.6586	T	T
CDH12	ENST00000522262	0.7606	0.7606	F	T
CDH19	ENST00000262150	0.2571	0.2571	T	T
CDH4	ENST00000543233	0.2666	0.2666	T	T
CDK8	ENST00000465820	0.06481	0.06481	T	T
CDKN2B	ENST00000276925	0.05996	0.05996	T	T
CDKN3	ENST00000611205	0.05044	0.05044	T	T
CDS1	ENST00000295887	0.07724	0.07724	T	T
CEACAM3	ENST00000596544	0.02225	0.02225	T	T
CELF5	ENST00000541430	0.07728	0.07728	T	T
CENPU	ENST00000281453	0.004359	0.004359	T	T
CENPV	ENST00000299736	0.05124	0.05124	T	T
CEP104	ENST00000438539	0.008649	0.008649	T	T
CEP112	ENST00000581739	0.08353	0.08353	T	T
CEP112	ENST00000577322	0.2289	0.2289	T	T
CFAP418	ENST00000286688	0.01078	0.01078	T	T
CFAP418	ENST00000286688	0.1781	0.1781	F	T
CHD4	ENST00000643335	0.02244	0.02244	T	T
CHD6	ENST00000373233	0.04655	0.04655	T	T
CHIC2	ENST00000510894	0.3235	0.3235	T	T
CHID1	ENST00000529539	0.007252	0.007252	T	T
CHST1	ENST00000308064	0.13	0.13	T	T
CHSY3	ENST00000305031	0.3728	0.3728	T	T
CIB3	ENST00000379859	0.005774	0.005774	T	T
CIT	ENST00000392521	0.08302	0.08302	T	T
CITED2	ENST00000367651	0.7902	0.7902	T	T
CKAP5	ENST00000526876	0.05654	0.05654	T	T
CLCN7	ENST00000569851	0.002342	0.002342	T	T
CLEC19A	ENST00000636231	0.007038	0.007038	T	T
CLECL1	ENST00000540988	0.007251	0.007251	T	T
CLPS	ENST00000616014	0.007861	0.007861	T	T
CNIH3	ENST00000272133	0.2108	0.2108	T	T
CNMD	ENST00000431550	0.04425	0.04425	T	T
CNOT4	ENST00000356162	0.1362	0.1362	T	T
CNR1	ENST00000369501	0.5756	0.5756	T	T
CNTNAP5	ENST00000431078	0.2082	0.2082	T	T
CNTNAP5	ENST00000431078	0.2332	0.2332	F	T
CNTNAP5	ENST00000431078	0.9772	0.9772	F	T
COBLL1	ENST00000452626	0.04723	0.04723	T	T
COL11A1	ENST00000447608	0.9678	0.9678	T	T
COL14A1	ENST00000309791	0.01576	0.01576	T	T
COL21A1	ENST00000244728	0.09614	0.09614	T	T
COL24A1	ENST00000496682	0.1626	0.1626	T	T
COL5A1	ENST00000371817	0.2051	0.2051	T	T
COL6A2	ENST00000397763	0.000115	0.000115	T	T
COQ8A	ENST00000366779	0.01516	0.01516	T	T
CORO2A	ENST00000375077	0.007376	0.007376	T	T
COX10	ENST00000429152	0.154	0.154	T	T
COX7B2	ENST00000543208	0.2233	0.2233	T	T
CPA3	ENST00000296046	0.09351	0.09351	T	T
CPEB3	ENST00000614585	0.03036	0.03036	T	T
CPNE8	ENST00000538596	0.07506	0.07506	T	T
CPSF6	ENST00000551516	0.01412	0.01412	T	T
CRABP2	ENST00000368220	0.01014	0.01014	T	T
CRABP2	ENST00000621784	0.01014	0.01014	T	T
CRACD	ENST00000636006	0.05491	0.05491	T	T
CRACD	ENST00000646253	0.05491	0.05491	T	T
CRACD	ENST00000636006	0.05559	0.05559	F	T
CRACD	ENST00000646253	0.05559	0.05559	F	T
CRACR2A	ENST00000440314	0.03706	0.03706	T	T
CREBRF	ENST00000296953	0.02526	0.02526	T	T
CREBRF	ENST00000522692	0.02526	0.02526	T	T
CRHR1	ENST00000293493	0.06604	0.06604	T	T
CRHR1	ENST00000339069	0.06604	0.06604	T	T
CRHR1	ENST00000619154	0.06604	0.06604	T	T
CRISPLD1	ENST00000523524	0.01372	0.01372	T	T
CRTAP	ENST00000449224	0.04286	0.04286	T	T
CRY1	ENST00000549356	0.07383	0.07383	T	T
CSF3R	ENST00000373103	0.228	0.228	T	T
CSF3R	ENST00000373104	0.228	0.228	T	T
CSF3R	ENST00000373106	0.228	0.228	T	T
CSNK1E	ENST00000359867	0.009116	0.009116	T	T
CSNK1E	ENST00000359867	0.05752	0.05752	F	T
CSNK1G3	ENST00000515322	0.2227	0.2227	T	T
CSNK2A3	ENST00000528848	0.3996	0.3996	T	T
CTNNAL1	ENST00000325551	0.04417	0.04417	T	T
CTNNB1	ENST00000643541	0.5138	0.5138	T	T
CTNND2	ENST00000502551	0.1714	0.1714	T	T
CTPS1	ENST00000650070	0.04811	0.04811	T	T
CTSV	ENST00000538255	0.07203	0.07203	T	T
CTSV	ENST00000538255	0.2481	0.2481	F	T
CTTNBP2	ENST00000435233	0.0106	0.0106	T	T
CUL1	ENST00000660013	0.07127	0.07127	T	T
CWC22	ENST00000410053	0.3792	0.3792	T	T
CXCL8	ENST00000307407	0.0209	0.0209	T	T
CYLC2	ENST00000487798	0.1981	0.1981	T	T
CYP4B1	ENST00000371919	0.007421	0.007421	T	T
CYP4B1	ENST00000614163	0.007421	0.007421	T	T
CYTH3	ENST00000350796	0.1497	0.1497	T	T
DAOA	ENST00000618629	0.0923	0.0923	T	T
DAOA	ENST00000618629	0.1047	0.1047	F	T
DAZL	ENST00000454457	0.1623	0.1623	T	T
DCAF8	ENST00000440682	0.002815	0.002815	T	T
DCBLD2	ENST00000326840	0.2923	0.2923	T	T
DCDC2C	ENST00000399143	0.5752	0.5752	T	T
DDX1	ENST00000621973	0.29	0.29	T	T
DDX10	ENST00000526794	0.6485	0.6485	T	T
DERL1	ENST00000519018	0.1291	0.1291	T	T
DHRS2	ENST00000553600	0.2916	0.2916	T	T
DHX29	ENST00000508346	0.008005	0.008005	T	T
DHX29	ENST00000508346	0.008187	0.008187	F	T
DHX33	ENST00000225296	0.002668	0.002668	T	T
DHX9	ENST00000367549	0.0243	0.0243	T	T
DIAPH3	ENST00000267215	0.0682	0.0682	T	T
DIAPH3	ENST00000377908	0.0682	0.0682	T	T
DIAPH3	ENST00000400319	0.0682	0.0682	T	T
DIAPH3	ENST00000400320	0.0682	0.0682	T	T
DISC1	ENST00000639374	0.07443	0.07443	T	T
DKK3	ENST00000525493	0.05204	0.05204	T	T
DLC1	ENST00000512044	0.0818	0.0818	T	T
DLG2	ENST00000648622	0.3081	0.3081	T	T
DMXL2	ENST00000251076	0.03446	0.03446	T	T
DNAI3	ENST00000484007	0.05901	0.05901	T	T
DNAI3	ENST00000484007	0.0597	0.0597	F	T
DNAJB6	ENST00000441561	0.1622	0.1622	T	T
DNAJC19	ENST00000486355	0.2383	0.2383	T	T
DOCK10	ENST00000422684	0.0108	0.0108	T	T
DOCK5	ENST00000481100	0.03732	0.03732	T	T
DOK7	ENST00000507039	0.01211	0.01211	T	T
DOK7	ENST00000643608	0.01211	0.01211	T	T
DPF1	ENST00000438365	0.04367	0.04367	T	T
DPH6	ENST00000558266	0.1984	0.1984	T	T
DPP10	ENST00000393146	0.03733	0.03733	T	T
DRD5	ENST00000304374	0.06856	0.06856	T	T
DSCAM	ENST00000400454	0.1595	0.1595	T	T
DSCAML1	ENST00000527706	0.1991	0.1991	T	T
DSEL	ENST00000310045	0.5171	0.5171	T	T
DTNBP1	ENST00000462989	0.008079	0.008079	T	T
DYM	ENST00000442713	0.04024	0.04024	T	T
DYNLL1	ENST00000242577	0.03278	0.03278	T	T
DYNLL1	ENST00000549989	0.03278	0.03278	T	T
DYNLL1	ENST00000550845	0.03278	0.03278	T	T
DYNLL1	ENST00000552870	0.03278	0.03278	T	T
DYNLRB2	ENST00000562982	0.5958	0.5958	T	T
DYRK1A	ENST00000398956	0.1151	0.1151	T	T
ECI2	ENST00000361538	0.06337	0.06337	T	T
ECI2	ENST00000380118	0.06337	0.06337	T	T
ECPAS	ENST00000374383	0.04717	0.04717	T	T
EDNRA	ENST00000324300	0.226	0.226	T	T
EDNRA	ENST00000358556	0.226	0.226	T	T
EDNRB	ENST00000646948	0.2096	0.2096	T	T
EFCAB13	ENST00000523842	0.06024	0.06024	T	T
EFHD1	ENST00000409708	0.01642	0.01642	T	T
EFR3A	ENST00000254624	0.4138	0.4138	T	T
EFR3A	ENST00000254624	0.7349	0.7349	F	T
EFR3A	ENST00000254624	0.7352	0.7352	F	T
EHD2	ENST00000263277	0.03302	0.03302	T	T
EHD2	ENST00000538399	0.03302	0.03302	T	T
EIF4A2	ENST00000441007	0.0455	0.0455	T	T
ELAVL4	ENST00000652274	0.2121	0.2121	T	T
ELP4	ENST00000638317	0.08929	0.08929	T	T
EMB	ENST00000514111	0.9743	0.9743	T	T
EMB	ENST00000514111	0.9749	0.9749	F	T
EMC3	ENST00000429759	0.02256	0.02256	T	T
ENSG00000104979	ENST00000588234	0.009575	0.009575	T	T
ENSG00000110696	ENST00000525684	0.04296	0.04296	T	T
ENSG00000110696	ENST00000528634	0.04296	0.04296	T	T
ENSG00000125462	ENST00000615748	0.01508	0.01508	T	T
ENSG00000131379	ENST00000412910	0.03568	0.03568	T	T
ENSG00000141428	ENST00000610527	0.2482	0.2482	T	T
ENSG00000141428	ENST00000618334	0.2482	0.2482	T	T
ENSG00000163081	ENST00000295226	0.1994	0.1994	T	T
ENSG00000165084	ENST00000325233	0.5264	0.5264	T	T
ENSG00000165084	ENST00000325233	0.688	0.688	F	T
ENSG00000176605	ENST00000325812	0.2623	0.2623	T	T
ENSG00000183148	ENST00000611747	0.1477	0.1477	T	T
ENSG00000185742	ENST00000327419	0.4193	0.4193	T	T
ENSG00000197734	ENST00000355883	0.04943	0.04943	T	T
ENSG00000197734	ENST00000439131	0.04943	0.04943	T	T
ENSG00000198912	ENST00000361605	0.372	0.372	F	T
ENSG00000205549	ENST00000380683	0.3272	0.3272	T	T
ENSG00000205549	ENST00000380683	0.3277	0.3277	F	T
ENSG00000226490	ENST00000643770	0.2356	0.2356	T	T
ENSG00000237378	ENST00000611641	0.04716	0.04716	T	T
ENSG00000249860	ENST00000512524	0.1501	0.1501	T	T
ENSG00000270394	ENST00000604093	0.02551	0.02551	T	T
ENSG00000270472	ENST00000558425	0.01096	0.01096	T	T
ENSG00000270472	ENST00000558425	0.1673	0.1673	F	T
ENSG00000283201	ENST00000611392	0.01976	0.01976	T	T
ENSG00000284684	ENST00000636216	0.06081	0.06081	T	T
ENSG00000284824	ENST00000617752	0.0121	0.0121	T	T
ENSG00000285253	ENST00000559000	0.1034	0.1034	T	T
ENSG00000285920	ENST00000661438	0.01244	0.01244	T	T
EPB41	ENST00000636666	0.09213	0.09213	T	T
EPB42	ENST00000622454	0.03137	0.03137	T	T
EPHA8	ENST00000374644	0.0709	0.0709	T	T
ERGIC3	ENST00000413587	0.002787	0.002787	T	T
ERICH1	ENST00000522706	0.007034	0.007034	T	T
ERO1B	ENST00000264181	0.05529	0.05529	T	T
EVI5	ENST00000370331	0.08387	0.08387	T	T
EVI5	ENST00000540033	0.08387	0.08387	T	T
EXTL2	ENST00000450240	0.0323	0.0323	T	T
EXTL3	ENST00000517738	0.03527	0.03527	T	T
EYA1	ENST00000643681	0.2349	0.2349	T	T
EZH2	ENST00000476773	0.01686	0.01686	T	T
EZH2	ENST00000483967	0.1295	0.1295	F	T
F11R	ENST00000621309	0.008221	0.008221	T	T
FABP6	ENST00000393980	0.02776	0.02776	T	T
FAM174B	ENST00000555064	0.04467	0.04467	T	T
FAM174B	ENST00000557398	0.1416	0.1416	T	T
FAM178B	ENST00000490605	0.07672	0.07672	T	T
FAM183A	ENST00000410048	0.04226	0.04226	T	T
FAM193B	ENST00000514747	0.01063	0.01063	T	T
FAM216B	ENST00000537894	0.1269	0.1269	T	T
FAM228A	ENST00000415196	0.005562	0.005562	T	T
FAM237B	ENST00000637645	0.006148	0.006148	T	T
FAM240C	ENST00000401641	0.7847	0.7847	T	T
FAM241B	ENST00000421716	0.07242	0.07242	T	T
FAM3C	ENST00000412653	0.2341	0.2341	T	T
FBXO11	ENST00000403359	0.2336	0.2336	T	T
FBXO38	ENST00000513826	0.07462	0.07462	T	T
FBXW7	ENST00000393956	0.2414	0.2414	T	T
FCN1	ENST00000371806	0.07478	0.07478	T	T
FECH	ENST00000591977	0.01665	0.01665	T	T
FGF12	ENST00000454309	0.06252	0.06252	T	T
FGF3	ENST00000334134	0.009395	0.009395	T	T
FGFR2	ENST00000356226	0.001657	0.001657	T	T
FGFR2	ENST00000613048	0.001657	0.001657	T	T
FGGY	ENST00000371210	0.2325	0.2325	T	T
FHIP1A	ENST00000505231	0.03944	0.03944	T	T
FHL2	ENST00000409177	0.005821	0.005821	T	T
FHL5	ENST00000326771	0.1539	0.1539	T	T
FHL5	ENST00000450218	0.1539	0.1539	T	T
FKRP	ENST00000593902	0.03567	0.03567	T	T
FLG2	ENST00000388718	0.04136	0.04136	T	T
FLNB	ENST00000493452	0.03002	0.03002	T	T
FLT3LG	ENST00000597551	0.01	0.01	T	T
FMN2	ENST00000545751	0.001149	0.001149	T	T
FMNL2	ENST00000288670	0.1561	0.1561	T	T
FNBP1L	ENST00000424449	0.05226	0.05226	T	T
FNBP4	ENST00000540172	0.0704	0.0704	T	T
FNDC9	ENST00000312349	0.05609	0.05609	T	T
FREM1	ENST00000380894	0.05583	0.05583	T	T
FRG2B	ENST00000425520	0.5245	0.5245	T	T
FRG2B	ENST00000425520	0.8598	0.8598	F	T
FRMD4A	ENST00000264546	0.07376	0.07376	T	T
FSIP2	ENST00000611759	0.1773	0.1773	T	T
FSTL5	ENST00000379164	0.3658	0.3658	T	T
FSTL5	ENST00000379164	0.5825	0.5825	F	T
FUT8	ENST00000554667	0.9752	0.9752	T	T
FZD7	ENST00000286201	0.1517	0.1517	T	T
FZD8	ENST00000374694	0.3029	0.3029	T	T
FZD8	ENST00000374694	0.401	0.401	F	T
GAB4	ENST00000400588	0.03412	0.03412	T	T
GABPB2	ENST00000368916	0.01654	0.01654	T	T
GABRB2	ENST00000393959	0.08511	0.08511	T	T
GABRP	ENST00000519598	0.03404	0.03404	T	T
GABRR1	ENST00000369451	0.0729	0.0729	T	T
GALC	ENST00000544807	0.8895	0.8895	T	T
GALNT13	ENST00000409237	0.1821	0.1821	T	T
GALNT2	ENST00000366672	0.2766	0.2766	T	T
GALNT5	ENST00000259056	0.7101	0.7101	T	T
GALNTL6	ENST00000616459	0.6758	0.6758	T	T
GAPVD1	ENST00000436712	0.1736	0.1736	T	T
GATB	ENST00000263985	0.5704	0.5704	F	T
GATB	ENST00000263985	0.5712	0.5712	F	T
GATD1	ENST00000465313	0.004064	0.004064	T	T
GCLM	ENST00000615724	0.1351	0.1351	T	T
GCNT3	ENST00000559200	0.02657	0.02657	T	T
GCSAM	ENST00000487901	0.05551	0.05551	T	T
GDA	ENST00000414671	0.05768	0.05768	T	T
GDNF	ENST00000620847	0.3161	0.3161	T	T
GFRAL	ENST00000340465	0.1613	0.1613	T	T
GFRAL	ENST00000340465	0.1616	0.1616	F	T
GFUS	ENST00000526290	0.01388	0.01388	T	T
GGTLC2	ENST00000618722	0.03107	0.03107	T	T
GIMD1	ENST00000507153	0.02492	0.02492	T	T
GINM1	ENST00000433539	0.02226	0.02226	T	T
GJA1	ENST00000647564	0.3046	0.3046	T	T
GJB5	ENST00000338513	0.4739	0.4739	T	T
GJB6	ENST00000644283	0.01682	0.01682	T	T
GLDC	ENST00000321612	0.07103	0.07103	T	T
GLG1	ENST00000627032	0.05253	0.05253	T	T
GLIPR2	ENST00000396613	0.05838	0.05838	T	T
GLS2	ENST00000539272	0.006917	0.006917	T	T
GNA13	ENST00000439174	0.02256	0.02256	T	T
GNAT2	ENST00000351050	0.001124	0.001124	T	T
GON4L	ENST00000361040	0.06037	0.06037	T	T
GOSR1	ENST00000414833	0.2828	0.2828	T	T
GP2	ENST00000575449	0.2407	0.2407	T	T
GP5	ENST00000401815	0.0103	0.0103	T	T
GPAM	ENST00000369425	0.1274	0.1274	T	T
GPAT3	ENST00000264409	0.4692	0.4692	T	T
GPAT3	ENST00000395226	0.4692	0.4692	T	T
GPAT4	ENST00000520223	0.02275	0.02275	T	T
GPC5	ENST00000377067	0.5802	0.5802	T	T
GPD2	ENST00000409125	0.5272	0.5272	T	T
GPD2	ENST00000409674	0.5272	0.5272	T	T
GPM6A	ENST00000512610	0.01981	0.01981	T	T
GPR135	ENST00000395116	0.07225	0.07225	F	T
GRAMD2B	ENST00000513040	0.6016	0.6016	T	T
GRAMD2B	ENST00000513040	0.9012	0.9012	F	T
GRB10	ENST00000335866	0.1298	0.1298	T	T
GRIK3	ENST00000373093	0.3649	0.3649	T	T
GRK4	ENST00000345167	0.002815	0.002815	T	T
GRK4	ENST00000504933	0.002815	0.002815	T	T
GRM6	ENST00000650031	0.0139	0.0139	T	T
GRM7	ENST00000448328	0.482	0.482	T	T
GRM8	ENST00000465844	0.08331	0.08331	T	T
GRP	ENST00000456142	0.003762	0.003762	T	T
GRXCR1	ENST00000399770	0.09634	0.09634	T	T
GSE1	ENST00000635906	0.328	0.328	T	T
GSG1L	ENST00000395724	0.1287	0.1287	T	T
GTF2A1	ENST00000553612	0.2086	0.2086	T	T
GTF2E1	ENST00000283875	0.01007	0.01007	T	T
GTF2E1	ENST00000492959	0.01007	0.01007	T	T
GUCY1A2	ENST00000347596	0.8764	0.8764	T	T
GUCY2C	ENST00000261170	0.1147	0.1147	T	T
GYPC	ENST00000259254	0.01116	0.01116	T	T
GYPC	ENST00000259254	0.02537	0.02537	F	T
HAAO	ENST00000294973	0.03372	0.03372	T	T
HAGH	ENST00000564445	0.000485	0.000485	T	T
HAUS5	ENST00000203166	0.000519	0.000519	T	T
HAUS6	ENST00000380496	0.001129	0.001129	T	T
HAUS6	ENST00000415524	0.01238	0.01238	T	T
HCFC2	ENST00000550444	0.02551	0.02551	T	T
HCN1	ENST00000303230	0.6485	0.6485	T	T
HCRTR1	ENST00000403528	0.01298	0.01298	T	T
HDGFL1	ENST00000510882	0.1013	0.1013	T	T
HEATR5A	ENST00000550366	0.000533	0.000533	T	T
HEG1	ENST00000311127	0.04576	0.04576	T	T
HERC4	ENST00000277817	0.0425	0.0425	T	T
HGSNAT	ENST00000521576	0.5416	0.5416	T	T
HGSNAT	ENST00000521576	0.5448	0.5448	F	T
HPCAL1	ENST00000613496	0.01428	0.01428	T	T
HPSE2	ENST00000404542	0.2749	0.2749	T	T
HRK	ENST00000550505	0.0595	0.0595	T	T
HRNR	ENST00000368801	0.09002	0.09002	T	T
HS6ST3	ENST00000376705	0.6566	0.6566	F	T
HSD17B1	ENST00000585807	0.003056	0.003056	T	T
HSF2BP	ENST00000443485	0.04637	0.04637	T	T
HSPA13	ENST00000285667	0.01589	0.01589	T	T
HSPA13	ENST00000285667	0.04921	0.04921	F	T
HSPA1A	ENST00000608703	0.005547	0.005547	T	T
HSPH1	ENST00000435381	0.1517	0.1517	T	T
HTR1A	ENST00000323865	0.3193	0.3193	T	T
HTR1B	ENST00000369947	0.4134	0.4134	T	T
HTR7	ENST00000277874	0.9409	0.9409	T	T
HTR7	ENST00000371719	0.9409	0.9409	T	T
HTRA1	ENST00000420892	0.04011	0.04011	T	T
HYDIN	ENST00000321489	0.04633	0.04633	T	T
IBTK	ENST00000503631	0.1254	0.1254	T	T
IBTK	ENST00000510291	0.1254	0.1254	T	T
ICA1L	ENST00000420558	0.0004919	0.0004919	T	T
IFFO2	ENST00000455833	0.1101	0.1101	T	T
IFNA6	ENST00000259555	0.01299	0.01299	T	T
IFNAR2	ENST00000382264	0.115	0.115	T	T
IFT172	ENST00000443889	0.03102	0.03102	T	T
IGFBP3	ENST00000448817	0.04095	0.04095	T	T
IGFBP7	ENST00000295666	0.4591	0.4591	T	T
IGFBP7	ENST00000514062	0.4591	0.4591	T	T
IGFL1	ENST00000437936	0.03778	0.03778	T	T
IGHMBP2	ENST00000539224	0.004316	0.004316	T	T
IGSF23	ENST00000428245	0.007031	0.007031	T	T
IGSF23	ENST00000402988	0.07459	0.07459	F	T
IKBKB	ENST00000416505	0.04939	0.04939	T	T
IKBKB	ENST00000520810	0.04939	0.04939	T	T
IKBKB	ENST00000629753	0.04939	0.04939	T	T
IKBKB	ENST00000649612	0.04939	0.04939	T	T
IL17RA	ENST00000319363	0.07635	0.07635	T	T
IL17RA	ENST00000612619	0.07635	0.07635	T	T
IL18BP	ENST00000393707	0.003994	0.003994	T	T
IL20RB	ENST00000329582	0.3111	0.3111	T	T
INPP5E	ENST00000371712	0.02019	0.02019	T	T
INPP5E	ENST00000371712	0.02059	0.02059	F	T
INSIG1	ENST00000344756	0.2181	0.2181	T	T
INSYN2A	ENST00000424811	0.08741	0.08741	T	T
IRF2BP2	ENST00000366609	0.4721	0.4721	T	T
IRF2BP2	ENST00000366610	0.4721	0.4721	T	T
ITIH2	ENST00000379587	0.005604	0.005604	T	T
ITPRID1	ENST00000409210	0.002389	0.002389	T	T
IYD	ENST00000425615	0.1789	0.1789	T	T
IZUMO3	ENST00000604921	0.5142	0.5142	T	T
JAG1	ENST00000254958	0.7971	0.7971	T	T
JKAMP	ENST00000554795	0.03241	0.03241	T	T
KALRN	ENST00000291478	0.222	0.222	T	T
KATNB1	ENST00000563462	0.01431	0.01431	T	T
KBTBD8	ENST00000460784	0.4063	0.4063	T	T
KCNAB2	ENST00000458166	0.01331	0.01331	T	T
KCNAB2	ENST00000662147	0.01331	0.01331	T	T
KCNAB2	ENST00000655548	0.6527	0.6527	F	T
KCNH1	ENST00000639952	0.0309	0.0309	T	T
KCNH8	ENST00000328405	0.5608	0.5608	T	T
KCNIP1	ENST00000328939	0.07915	0.07915	T	T
KCNIP1	ENST00000390656	0.07915	0.07915	T	T
KCNIP4	ENST00000382150	0.08774	0.08774	T	T
KCNJ16	ENST00000591891	0.4796	0.4796	T	T
KCNJ2	ENST00000243457	0.3098	0.3098	T	T
KCNQ5	ENST00000342056	0.1677	0.1677	T	T
KCNS3	ENST00000403915	0.005994	0.005994	T	T
KCTD12	ENST00000377474	0.2463	0.2463	T	T
KCTD12	ENST00000377474	0.7417	0.7417	F	T
KDM8	ENST00000286096	0.5225	0.5225	T	T
KDSR	ENST00000645214	0.02685	0.02685	T	T
KIAA1328	ENST00000586501	0.08366	0.08366	T	T
KIF13A	ENST00000378814	0.08684	0.08684	T	T
KIF13A	ENST00000636847	0.08684	0.08684	T	T
KIF15	ENST00000425755	0.007937	0.007937	T	T
KIF1A	ENST00000648047	0.003429	0.003429	T	T
KIF21B	ENST00000360529	0.05362	0.05362	T	T
KIF21B	ENST00000461742	0.05362	0.05362	T	T
KIF27	ENST00000376347	0.01077	0.01077	T	T
KIF2B	ENST00000268919	0.4884	0.4884	T	T
KIF4B	ENST00000435029	0.7846	0.7846	T	T
KIR2DL4	ENST00000396289	0.01108	0.01108	T	T
KLHL1	ENST00000545028	0.7407	0.7407	T	T
KLHL14	ENST00000583263	0.2162	0.2162	T	T
KLHL25	ENST00000337975	0.215	0.215	T	T
KMT2E	ENST00000622386	0.02786	0.02786	T	T
KRTAP4-5	ENST00000343246	0.0009869	0.0009869	T	T
KTN1	ENST00000554294	0.2345	0.2345	T	T
L3MBTL3	ENST00000529410	0.1351	0.1351	T	T
LAMC3	ENST00000361069	0.03111	0.03111	T	T
LAPTM4B	ENST00000445593	0.0416	0.0416	T	T
LAPTM4B	ENST00000619747	0.0416	0.0416	T	T
LARGE1	ENST00000608642	0.06571	0.06571	T	T
LARGE1	ENST00000609799	0.06571	0.06571	T	T
LARGE1	ENST00000610186	0.06571	0.06571	T	T
LEO1	ENST00000315141	0.01751	0.01751	T	T
LETM1	ENST00000302787	0.02736	0.02736	T	T
LFNG	ENST00000614382	0.003293	0.003293	T	T
LHFPL6	ENST00000379589	0.1863	0.1863	T	T
LILRB1	ENST00000396331	0.003182	0.003182	T	T
LINGO2	ENST00000308675	0.2259	0.2259	T	T
LINGO2	ENST00000379992	0.2259	0.2259	T	T
LNX1	ENST00000512247	0.01902	0.01902	T	T
LNX1	ENST00000507168	0.03258	0.03258	T	T
LPA	ENST00000447678	0.1996	0.1996	T	T
LPAR2	ENST00000592061	0.00163	0.00163	T	T
LPCAT3	ENST00000261407	0.0227	0.0227	T	T
LRAT	ENST00000502525	0.08897	0.08897	T	T
LRATD1	ENST00000331243	0.4791	0.4791	T	T
LRBA	ENST00000510413	0.02925	0.02925	T	T
LRGUK	ENST00000285928	0.4178	0.4178	F	T
LRGUK	ENST00000645682	0.4178	0.4178	F	T
LRMDA	ENST00000372499	0.2236	0.2236	T	T
LRMDA	ENST00000496424	0.2987	0.2987	T	T
LRP1	ENST00000554118	0.0298	0.0298	T	T
LRP12	ENST00000424843	0.08208	0.08208	T	T
LRP1B	ENST00000389484	0.6498	0.6498	T	T
LRRC29	ENST00000393992	0.01472	0.01472	T	T
LRRC58	ENST00000295628	0.004403	0.004403	T	T
LSAMP	ENST00000474851	0.182	0.182	T	T
LSM8	ENST00000424702	0.1322	0.1322	T	T
LTBP1	ENST00000404816	0.123	0.123	T	T
LTBP1	ENST00000404816	0.1495	0.1495	F	T
LUC7L	ENST00000442701	0.002752	0.002752	T	T
LUZP2	ENST00000336930	0.6129	0.6129	T	T
LYPLA2	ENST00000374501	0.003156	0.003156	T	T
LZTS1	ENST00000381569	0.9078	0.9078	T	T
MALRD1	ENST00000377265	0.07647	0.07647	T	T
MAP3K20	ENST00000422149	0.1899	0.1899	T	T
MAP3K21	ENST00000366622	0.1984	0.1984	T	T
MAP3K7	ENST00000369320	0.04792	0.04792	T	T
MARCHF1	ENST00000507270	0.107	0.107	T	T
MARCHF6	ENST00000274140	0.01431	0.01431	T	T
MARCHF7	ENST00000539065	0.0165	0.0165	T	T
MAT2B	ENST00000321757	0.8252	0.8252	T	T
MB21D2	ENST00000392452	0.04397	0.04397	T	T
MBD3L3	ENST00000333843	0.00731	0.00731	T	T
MBD3L4	ENST00000381394	0.009333	0.009333	T	T
MC5R	ENST00000589410	0.01865	0.01865	T	T
MDGA2	ENST00000399232	0.1523	0.1523	T	T
MDGA2	ENST00000554762	0.2483	0.2483	T	T
MED16	ENST00000607471	0.01481	0.01481	T	T
MED26	ENST00000598492	0.02256	0.02256	T	T
MED26	ENST00000601478	0.03529	0.03529	T	T
MEGF10	ENST00000503335	0.15	0.15	T	T
METTL8	ENST00000438609	0.09273	0.09273	T	T
MEX3A	ENST00000532414	0.01122	0.01122	T	T
MEX3C	ENST00000406189	0.04828	0.04828	T	T
MGARP	ENST00000398955	0.07746	0.07746	T	T
MGAT4C	ENST00000552435	0.5774	0.5774	T	T
MGST1	ENST00000396207	0.2344	0.2344	T	T
MIB1	ENST00000261537	0.2049	0.2049	T	T
MICOS10	ENST00000648702	0.00867	0.00867	T	T
MICOS10	ENST00000648702	0.04721	0.04721	F	T
MIER2	ENST00000264819	0.02409	0.02409	T	T
MIER2	ENST00000264819	0.02436	0.02436	F	T
MINDY3	ENST00000277632	0.06098	0.06098	T	T
MKNK2	ENST00000591588	0.000118	0.000118	T	T
MLN	ENST00000430124	0.2956	0.2956	T	T
MMP19	ENST00000548629	0.06441	0.06441	T	T
MMP24OS	ENST00000456790	0.01806	0.01806	T	T
MOCS2	ENST00000510818	0.06624	0.06624	T	T
MORC2	ENST00000397641	0.01024	0.01024	T	T
MPDZ	ENST00000319217	0.4248	0.4248	T	T
MRPL3	ENST00000425847	0.3879	0.3879	T	T
MRPL3	ENST00000511168	0.3879	0.3879	T	T
MRPL35	ENST00000409180	0.08233	0.08233	T	T
MRPL57	ENST00000309594	0.2444	0.2444	T	T
MSR1	ENST00000518026	0.4244	0.4244	T	T
MSRB3	ENST00000647481	0.204	0.204	T	T
MTCL1	ENST00000400050	0.05195	0.05195	T	T
MTHFD1	ENST00000652509	0.0007629	0.0007629	T	T
MTHFS	ENST00000258874	0.05916	0.05916	T	T
MTOR	ENST00000376838	0.03526	0.03526	T	T
MTRF1	ENST00000379477	0.001895	0.001895	T	T
MTSS2	ENST00000562883	0.002534	0.002534	T	T
MTUS2	ENST00000652432	0.1967	0.1967	T	T
MTX2	ENST00000452865	0.4941	0.4941	T	T
MUC21	ENST00000376296	0.02307	0.02307	T	T
MUC21	ENST00000486149	0.02307	0.02307	T	T
MVB12B	ENST00000361171	0.02503	0.02503	T	T
MYBPC1	ENST00000550270	0.07852	0.07852	T	T
MYH10	ENST00000411957	0.08444	0.08444	T	T
MYO10	ENST00000513882	0.08314	0.08314	T	T
MYO15B	ENST00000633867	0.003261	0.003261	T	T
MYO3A	ENST00000543632	0.1332	0.1332	T	T
MYOM2	ENST00000523438	0.07551	0.07551	T	T
N4BP1	ENST00000262384	0.4987	0.4987	T	T
N6AMT1	ENST00000303775	0.1376	0.1376	T	T
NAA35	ENST00000361671	0.185	0.185	T	T
NAB1	ENST00000434473	0.1375	0.1375	T	T
NAB2	ENST00000342556	0.003732	0.003732	T	T
NALF1	ENST00000375915	0.4443	0.4443	T	T
NAT2	ENST00000286479	0.1042	0.1042	T	T
NBAS	ENST00000417461	0.000457	0.000457	T	T
NBEA	ENST00000379939	0.4369	0.4369	T	T
NCALD	ENST00000519508	0.005021	0.005021	T	T
NCAM1	ENST00000530543	0.2658	0.2658	T	T
NCF2	ENST00000419402	0.046	0.046	T	T
NCF2	ENST00000420553	0.046	0.046	T	T
NCF4	ENST00000650698	0.004184	0.004184	T	T
NCOA1	ENST00000395856	0.1117	0.1117	T	T
NCOA2	ENST00000519724	0.00665	0.00665	T	T
NCOA6	ENST00000374796	0.002739	0.002739	T	T
NCOA7	ENST00000444128	0.02189	0.02189	T	T
NCOA7	ENST00000444128	0.02232	0.02232	F	T
NDE1	ENST00000577101	0.01224	0.01224	T	T
NDN	ENST00000649030	0.546	0.546	T	T
NDN	ENST00000649030	0.9061	0.9061	F	T
NDUFA10	ENST00000448880	0.4991	0.4991	T	T
NDUFA12	ENST00000327772	0.09953	0.09953	T	T
NDUFAB1	ENST00000007516	0.003121	0.003121	T	T
NECAP2	ENST00000443980	0.04542	0.04542	T	T
NEDD4	ENST00000508871	0.1439	0.1439	T	T
NEK1	ENST00000505119	0.01141	0.01141	T	T
NET1	ENST00000355029	0.02212	0.02212	T	T
NEURL1B	ENST00000369800	0.09384	0.09384	T	T
NEURL1B	ENST00000520919	0.09384	0.09384	T	T
NEURL1B	ENST00000522853	0.09384	0.09384	T	T
NFKBIZ	ENST00000394054	0.01828	0.01828	T	T
NFKBIZ	ENST00000483180	0.01828	0.01828	T	T
NFU1	ENST00000462320	0.002012	0.002012	T	T
NGF	ENST00000369512	0.06268	0.06268	T	T
NHEJ1	ENST00000426304	0.04492	0.04492	T	T
NID1	ENST00000366595	0.06541	0.06541	T	T
NLRC3	ENST00000359128	0.02726	0.02726	T	T
NMUR2	ENST00000255262	0.9047	0.9047	T	T
NOG	ENST00000332822	0.2634	0.2634	T	T
NPC1	ENST00000591051	0.0194	0.0194	T	T
NPIPB11	ENST00000614927	0.1136	0.1136	T	T
NPIPB3	ENST00000521589	0.07578	0.07578	T	T
NPTX2	ENST00000265634	0.2049	0.2049	T	T
NRG2	ENST00000340391	0.02173	0.02173	T	T
NRG3	ENST00000404576	0.3176	0.3176	T	T
NRG3	ENST00000556918	0.3176	0.3176	T	T
NRG3	ENST00000537893	0.4444	0.4444	T	T
NRG3	ENST00000372141	0.8793	0.8793	F	T
NRG3	ENST00000372141	0.9176	0.9176	F	T
NRP1	ENST00000418675	0.004215	0.004215	T	T
NRP2	ENST00000272849	0.2703	0.2703	T	T
NRP2	ENST00000412873	0.2703	0.2703	T	T
NT5C2	ENST00000458345	0.0377	0.0377	T	T
NTN4	ENST00000547980	0.09816	0.09816	T	T
NTNG1	ENST00000370065	0.2745	0.2745	T	T
NTNG1	ENST00000370066	0.2745	0.2745	T	T
NUBPL	ENST00000551314	0.5138	0.5138	F	T
NUCB2	ENST00000528644	0.02311	0.02311	T	T
NUDT16L1	ENST00000304301	0.03801	0.03801	T	T
NUPR2	ENST00000329309	0.02212	0.02212	T	T
NXPH1	ENST00000602349	0.0537	0.0537	T	T
NXPH1	ENST00000602349	0.2929	0.2929	F	T
NYAP2	ENST00000636099	0.2412	0.2412	T	T
OCM	ENST00000416608	0.0163	0.0163	T	T
OMA1	ENST00000421528	0.3009	0.3009	T	T
OMA1	ENST00000421528	0.7596	0.7596	F	T
OPCML	ENST00000524381	0.2715	0.2715	T	T
OR13A1	ENST00000536058	0.09314	0.09314	T	T
OR13D1	ENST00000641530	0.01553	0.01553	T	T
OR4C12	ENST00000335238	0.3093	0.3093	T	T
OR4E1	ENST00000641792	0.3007	0.3007	T	T
OR4E1	ENST00000641792	0.3892	0.3892	F	T
OR4X1	ENST00000320048	0.003104	0.003104	T	T
OR8B2	ENST00000641451	0.008579	0.008579	T	T
OR8G5	ENST00000641992	0.002896	0.002896	T	T
OR8G5	ENST00000524943	0.01698	0.01698	F	T
ORC5	ENST00000447452	0.2043	0.2043	T	T
OSMR	ENST00000502536	0.0273	0.0273	T	T
OTUD4	ENST00000509620	0.02318	0.02318	T	T
OTUD4	ENST00000509620	0.0237	0.0237	F	T
OXNAD1	ENST00000606098	0.08206	0.08206	T	T
OXR1	ENST00000517566	0.06691	0.06691	T	T
OXR1	ENST00000531443	0.06691	0.06691	T	T
OXTR	ENST00000431493	0.1157	0.1157	T	T
P2RX2	ENST00000343948	0.02034	0.02034	T	T
P2RX2	ENST00000348800	0.02034	0.02034	T	T
P2RX2	ENST00000350048	0.02034	0.02034	T	T
P2RX2	ENST00000351222	0.02034	0.02034	T	T
P2RX2	ENST00000352418	0.02034	0.02034	T	T
P2RX2	ENST00000449132	0.02034	0.02034	T	T
P2RX2	ENST00000542301	0.02034	0.02034	T	T
P2RY6	ENST00000540342	0.01742	0.01742	T	T
PALD1	ENST00000263563	0.07282	0.07282	T	T
PAN3	ENST00000399613	0.04071	0.04071	T	T
PAPPA	ENST00000328252	0.6176	0.6176	T	T
PARD3	ENST00000374768	0.7742	0.7742	T	T
PCBD1	ENST00000299299	0.1159	0.1159	T	T
PCDH15	ENST00000615043	0.05051	0.05051	T	T
PCDH9	ENST00000377861	0.1219	0.1219	T	T
PCDH9	ENST00000544246	0.1219	0.1219	T	T
PDCD6IP	ENST00000307296	0.452	0.452	T	T
PDCD6IP	ENST00000307296	0.4524	0.4524	F	T
PDCD6IP	ENST00000307296	0.7612	0.7612	F	T
PDE4D	ENST00000505453	0.01802	0.01802	T	T
PDE4D	ENST00000340635	0.05738	0.05738	T	T
PELI2	ENST00000559044	0.2385	0.2385	T	T
PEPD	ENST00000244137	0.08209	0.08209	T	T
PEPD	ENST00000397032	0.08209	0.08209	T	T
PEX14	ENST00000491661	0.1153	0.1153	T	T
PEX2	ENST00000519956	0.5536	0.5536	T	T
PEX2	ENST00000519956	0.5541	0.5541	F	T
PFDN6	ENST00000463584	0.005837	0.005837	T	T
PHACTR4	ENST00000633167	0.04515	0.04515	T	T
PHLPP1	ENST00000262719	0.01493	0.01493	T	T
PIANP	ENST00000545917	0.001088	0.001088	T	T
PIGN	ENST00000639372	0.1904	0.1904	T	T
PIK3C3	ENST00000587402	0.9408	0.9408	T	T
PIK3CB	ENST00000544716	0.07671	0.07671	T	T
PIP4K2C	ENST00000422156	0.01483	0.01483	T	T
PITPNC1	ENST00000584554	0.2162	0.2162	T	T
PITPNM2	ENST00000546049	0.01341	0.01341	T	T
PKP1	ENST00000352845	0.026	0.026	T	T
PKP2	ENST00000546741	0.1289	0.1289	T	T
PLAAT5	ENST00000538712	0.1026	0.1026	T	T
PLCB1	ENST00000475958	0.01329	0.01329	T	T
PLCE1	ENST00000371375	0.244	0.244	T	T
PLEKHA5	ENST00000424268	0.02436	0.02436	T	T
PLEKHG1	ENST00000358517	0.1067	0.1067	T	T
PLEKHG4B	ENST00000637938	0.04663	0.04663	T	T
PLPPR1	ENST00000374874	0.02266	0.02266	T	T
PLPPR4	ENST00000370184	0.2473	0.2473	T	T
PLVAP	ENST00000252590	0.00178	0.00178	T	T
PLVAP	ENST00000599426	0.00178	0.00178	T	T
PLXNA2	ENST00000367033	0.4034	0.4034	T	T
PMCH	ENST00000329406	0.0217	0.0217	T	T
POLQ	ENST00000264233	0.2757	0.2757	T	T
POLQ	ENST00000264233	0.3529	0.3529	F	T
POLQ	ENST00000264233	0.5106	0.5106	F	T
POLR3B	ENST00000549569	0.005039	0.005039	T	T
POM121L12	ENST00000408890	0.3713	0.3713	T	T
POMZP3	ENST00000310842	0.249	0.249	T	T
PPFIA2	ENST00000550018	0.007122	0.007122	T	T
PPFIA2	ENST00000551442	0.3605	0.3605	T	T
PPIAL4H	ENST00000584068	0.1567	0.1567	T	T
PPIF	ENST00000448165	0.06288	0.06288	T	T
PPIH	ENST00000304979	0.07199	0.07199	T	T
PPP1R16B	ENST00000373331	0.1126	0.1126	T	T
PPP1R2B	ENST00000522232	0.2318	0.2318	T	T
PPP2R3A	ENST00000490467	0.05341	0.05341	T	T
PPP2R3A	ENST00000490467	0.05404	0.05404	F	T
PRAMEF6	ENST00000376189	0.1074	0.1074	T	T
PREX1	ENST00000620554	0.1867	0.1867	T	T
PRIM1	ENST00000549549	0.00143	0.00143	T	T
PRIMA1	ENST00000316227	0.2033	0.2033	T	T
PRIMA1	ENST00000393143	0.2033	0.2033	T	T
PRKACB	ENST00000370689	0.02047	0.02047	T	T
PRKAG1	ENST00000548065	0.004593	0.004593	T	T
PRKAG2	ENST00000476632	0.09146	0.09146	T	T
PRKCA	ENST00000413366	0.3496	0.3496	T	T
PRKCB	ENST00000472066	0.1044	0.1044	T	T
PRKCZ	ENST00000400921	0.008921	0.008921	T	T
PRKD1	ENST00000616995	0.2576	0.2576	T	T
PRKD1	ENST00000546371	0.2855	0.2855	T	T
PRKN	ENST00000612540	0.09264	0.09264	T	T
PRR16	ENST00000407149	0.5816	0.5816	T	T
PRR16	ENST00000407149	0.5822	0.5822	F	T
PRR16	ENST00000407149	0.5825	0.5825	F	T
PRR18	ENST00000322583	0.1161	0.1161	T	T
PRRT1	ENST00000211413	0.003991	0.003991	T	T
PRSS12	ENST00000296498	0.1933	0.1933	T	T
PRSS55	ENST00000328655	0.002766	0.002766	T	T
PSAT1	ENST00000347159	0.07529	0.07529	T	T
PSAT1	ENST00000347159	0.794	0.794	F	T
PSTPIP2	ENST00000409746	0.01229	0.01229	T	T
PTBP2	ENST00000426398	0.8866	0.8866	T	T
PTGER4	ENST00000302472	0.4621	0.4621	T	T
PTK2	ENST00000520151	0.01585	0.01585	T	T
PTPRD	ENST00000637354	0.2932	0.2932	T	T
PTPRM	ENST00000577468	0.2542	0.2542	T	T
PTPRN2	ENST00000389416	0.09146	0.09146	T	T
PTPRN2	ENST00000404321	0.4298	0.4298	T	T
PXDN	ENST00000447941	0.03631	0.03631	T	T
QKI	ENST00000544361	0.6511	0.6511	T	T
R3HDM1	ENST00000425804	0.008047	0.008047	T	T
RAB11FIP2	ENST00000369199	0.3339	0.3339	T	T
RAB11FIP3	ENST00000262305	0.01056	0.01056	T	T
RAB6C	ENST00000410061	0.4313	0.4313	T	T
RAB8B	ENST00000321437	0.02659	0.02659	T	T
RAB8B	ENST00000559006	0.02659	0.02659	T	T
RAD54B	ENST00000336148	0.02621	0.02621	T	T
RALGAPA1	ENST00000554259	0.008087	0.008087	T	T
RALGAPA2	ENST00000427175	0.0872	0.0872	T	T
RANBP9	ENST00000011619	0.05938	0.05938	T	T
RAP1GDS1	ENST00000339360	0.03019	0.03019	T	T
RAP1GDS1	ENST00000408900	0.03019	0.03019	T	T
RAPGEF6	ENST00000308008	0.01382	0.01382	T	T
RAPH1	ENST00000374493	0.01297	0.01297	T	T
RAPH1	ENST00000418114	0.01297	0.01297	T	T
RAPH1	ENST00000419464	0.01297	0.01297	T	T
RAPH1	ENST00000423104	0.01297	0.01297	T	T
RAPH1	ENST00000439222	0.01297	0.01297	T	T
RASAL2	ENST00000367649	0.02821	0.02821	T	T
RASD2	ENST00000216127	0.1346	0.1346	T	T
RASGRF2	ENST00000265080	0.137	0.137	T	T
RASSF4	ENST00000340258	0.04448	0.04448	T	T
RB1CC1	ENST00000435644	0.0059	0.0059	T	T
RBFOX1	ENST00000311745	0.04295	0.04295	T	T
RBFOX1	ENST00000340209	0.04295	0.04295	T	T
RBFOX1	ENST00000355637	0.04295	0.04295	T	T
RBFOX1	ENST00000436368	0.04295	0.04295	T	T
RBFOX1	ENST00000620507	0.04295	0.04295	T	T
RBL2	ENST00000567964	0.04655	0.04655	T	T
RBM47	ENST00000507180	0.04289	0.04289	T	T
RBMS2	ENST00000639027	0.0323	0.0323	T	T
RBPMS	ENST00000520191	0.01607	0.01607	T	T
RBPMS	ENST00000520191	0.1247	0.1247	F	T
RCN1	ENST00000532721	0.03031	0.03031	T	T
RELN	ENST00000343529	0.3466	0.3466	F	T
RELN	ENST00000424685	0.3466	0.3466	F	T
RFPL4B	ENST00000441065	0.798	0.798	T	T
RGS7	ENST00000440928	0.06043	0.06043	T	T
RIC3	ENST00000343202	0.05027	0.05027	T	T
RIMKLA	ENST00000410070	0.03533	0.03533	T	T
RIMS2	ENST00000339750	0.2756	0.2756	T	T
RIN3	ENST00000556418	0.01382	0.01382	T	T
RIPOR1	ENST00000566907	0.00023	0.00023	T	T
RMI2	ENST00000648619	0.01578	0.01578	T	T
RND3	ENST00000409557	0.3902	0.3902	T	T
RNF122	ENST00000256257	0.01938	0.01938	T	T
RNFT1	ENST00000305783	0.1088	0.1088	T	T
RNGTT	ENST00000369485	0.06285	0.06285	T	T
ROBO2	ENST00000461745	0.08835	0.08835	T	T
ROBO2	ENST00000490534	0.6458	0.6458	T	T
ROCK1	ENST00000399799	0.01316	0.01316	T	T
ROR2	ENST00000375708	0.04936	0.04936	T	T
RPA1	ENST00000574049	0.1087	0.1087	T	T
RPL10L	ENST00000298283	0.5919	0.5919	T	T
RPL10L	ENST00000298283	0.8566	0.8566	F	T
RPRM	ENST00000325926	0.06441	0.06441	T	T
RPS3A	ENST00000509736	0.04391	0.04391	T	T
RPS3A	ENST00000510993	0.07199	0.07199	F	T
RPS6KC1	ENST00000366959	0.2058	0.2058	T	T
RPTOR	ENST00000544334	0.3545	0.3545	T	T
RSL24D1	ENST00000569386	0.4351	0.4351	T	T
RTN1	ENST00000342503	0.1849	0.1849	T	T
RTN4RL2	ENST00000395120	0.02096	0.02096	T	T
RTP1	ENST00000312295	0.06151	0.06151	T	T
RTP4	ENST00000259030	0.09101	0.09101	T	T
SASS6	ENST00000287482	0.01768	0.01768	T	T
SBF2	ENST00000420722	0.04682	0.04682	T	T
SBNO1	ENST00000420886	0.003656	0.003656	T	T
SCAF4	ENST00000434667	0.02152	0.02152	T	T
SCAMP1	ENST00000320280	0.04572	0.04572	T	T
SCAPER	ENST00000564022	0.1667	0.1667	T	T
SCN8A	ENST00000551216	0.1206	0.1206	T	T
SCUBE1	ENST00000449304	0.00901	0.00901	T	T
SCYL1	ENST00000525364	0.05063	0.05063	T	T
SDK1	ENST00000389531	0.5701	0.5701	T	T
SDK1	ENST00000615806	0.5701	0.5701	T	T
SEC11C	ENST00000509791	0.07226	0.07226	T	T
SEL1L3	ENST00000510448	0.02532	0.02532	T	T
SEMA3E	ENST00000643230	0.4751	0.4751	T	T
SEMA3F	ENST00000414301	0.01036	0.01036	T	T
SEMA6A	ENST00000503865	0.3281	0.3281	T	T
SEPTIN9	ENST00000329047	0.0007309	0.0007309	T	T
SEPTIN9	ENST00000590294	0.0007309	0.0007309	T	T
SERF1A	ENST00000317633	0.2984	0.2984	T	T
SERHL2	ENST00000447870	0.03266	0.03266	T	T
SERPINE2	ENST00000454956	0.3383	0.3383	T	T
SERTAD2	ENST00000313349	0.195	0.195	T	T
SESTD1	ENST00000435047	0.1982	0.1982	T	T
SETD4	ENST00000399201	0.0469	0.0469	T	T
SETD7	ENST00000608795	0.007886	0.007886	T	T
SETD7	ENST00000608958	0.007886	0.007886	T	T
SFMBT2	ENST00000379711	0.134	0.134	T	T
SH2D4A	ENST00000523736	0.192	0.192	T	T
SH2D4B	ENST00000313455	0.9606	0.9606	T	T
SHISA5	ENST00000619810	0.01198	0.01198	T	T
SHISA9	ENST00000423335	0.9677	0.9677	T	T
SHROOM3	ENST00000646790	0.02818	0.02818	T	T
SIGLEC11	ENST00000426971	0.02794	0.02794	T	T
SKAP2	ENST00000432747	0.1005	0.1005	T	T
SLC10A2	ENST00000245312	0.737	0.737	T	T
SLC12A2	ENST00000343225	0.2221	0.2221	T	T
SLC12A6	ENST00000397702	0.002572	0.002572	T	T
SLC12A7	ENST00000264930	0.000281	0.000281	T	T
SLC12A8	ENST00000479826	0.03575	0.03575	T	T
SLC12A8	ENST00000479826	0.03616	0.03616	F	T
SLC14A2	ENST00000255226	0.2114	0.2114	T	T
SLC14A2	ENST00000586448	0.3276	0.3276	T	T
SLC14A2	ENST00000586448	0.3281	0.3281	F	T
SLC16A9	ENST00000395348	0.3277	0.3277	T	T
SLC1A3	ENST00000612708	0.01377	0.01377	T	T
SLC1A3	ENST00000613445	0.01377	0.01377	T	T
SLC20A2	ENST00000520262	0.06506	0.06506	T	T
SLC30A8	ENST00000456015	0.3303	0.3303	T	T
SLC35B3	ENST00000648987	0.001107	0.001107	T	T
SLC35B4	ENST00000470969	0.02864	0.02864	T	T
SLC38A4	ENST00000550670	0.1326	0.1326	T	T
SLC6A13	ENST00000445055	0.01902	0.01902	T	T
SLC6A13	ENST00000546319	0.01902	0.01902	T	T
SLC6A15	ENST00000309283	0.02134	0.02134	T	T
SLC6A15	ENST00000309283	0.7293	0.7293	F	T
SLC7A1	ENST00000380752	0.03703	0.03703	T	T
SLC7A13	ENST00000297524	0.05216	0.05216	T	T
SLC8A1	ENST00000332839	0.4372	0.4372	T	T
SLC8A1	ENST00000406391	0.4372	0.4372	T	T
SLC8A1	ENST00000408028	0.4372	0.4372	T	T
SLC8A3	ENST00000394330	0.1288	0.1288	T	T
SLC8A3	ENST00000533541	0.1288	0.1288	T	T
SLC9A5	ENST00000566626	0.01637	0.01637	T	T
SLCO4A1	ENST00000217159	0.1091	0.1091	T	T
SLIT2	ENST00000511508	0.08266	0.08266	T	T
SLITRK5	ENST00000325089	0.4809	0.4809	T	T
SLITRK6	ENST00000647374	0.514	0.514	T	T
SMARCC1	ENST00000254480	0.06252	0.06252	T	T
SMNDC1	ENST00000369603	0.05537	0.05537	T	T
SMYD3	ENST00000391836	0.4199	0.4199	T	T
SNAP29	ENST00000439214	0.004684	0.004684	T	T
SNAPC3	ENST00000380821	0.01634	0.01634	T	T
SND1	ENST00000486037	0.1008	0.1008	T	T
SNRPD3	ENST00000402849	0.02348	0.02348	T	T
SNX8	ENST00000222990	0.00216	0.00216	T	T
SOCS6	ENST00000582322	0.1649	0.1649	T	T
SORCS1	ENST00000452214	0.3255	0.3255	T	T
SORCS1	ENST00000263054	0.9032	0.9032	T	T
SORCS3	ENST00000393176	0.2961	0.2961	T	T
SPACA3	ENST00000394638	0.0789	0.0789	T	T
SPACA3	ENST00000394638	0.1606	0.1606	F	T
SPACA4	ENST00000321762	0.02348	0.02348	T	T
SPATA19	ENST00000299140	0.1856	0.1856	T	T
SPDYC	ENST00000377185	0.008528	0.008528	T	T
SPDYE21	ENST00000413323	0.5975	0.5975	T	T
SPIDR	ENST00000519401	0.02302	0.02302	T	T
SPIDR	ENST00000297423	0.07702	0.07702	T	T
SPIDR	ENST00000297423	0.1103	0.1103	F	T
SPPL3	ENST00000543608	0.03835	0.03835	T	T
SPPL3	ENST00000543854	0.03835	0.03835	T	T
SPTBN1	ENST00000615901	0.1103	0.1103	T	T
SQLE	ENST00000518931	0.01125	0.01125	T	T
SSBP1	ENST00000481508	0.01287	0.01287	T	T
SSBP3	ENST00000444533	0.1113	0.1113	T	T
SST	ENST00000287641	0.1154	0.1154	T	T
SSTR2	ENST00000357585	0.05874	0.05874	T	T
SSTR2	ENST00000357585	0.0593	0.0593	F	T
SSTR4	ENST00000255008	0.3862	0.3862	T	T
ST6GAL2	ENST00000409087	0.8104	0.8104	T	T
ST6GALNAC1	ENST00000590784	0.02327	0.02327	T	T
STARD13	ENST00000255486	0.09408	0.09408	T	T
STC2	ENST00000265087	0.1004	0.1004	T	T
STK31	ENST00000444333	0.5265	0.5265	T	T
STK32B	ENST00000510398	0.3573	0.3573	T	T
STXBP6	ENST00000323944	0.4748	0.4748	T	T
SV2B	ENST00000330276	0.04239	0.04239	T	T
SV2B	ENST00000330276	0.5824	0.5824	F	T
SV2B	ENST00000330276	0.6241	0.6241	F	T
SVIL	ENST00000375400	0.003137	0.003137	T	T
SYF2	ENST00000354361	0.1067	0.1067	T	T
SYN3	ENST00000332840	0.0008239	0.0008239	T	T
SYN3	ENST00000619146	0.0008239	0.0008239	T	T
SYNDIG1L	ENST00000331628	0.01039	0.01039	T	T
SYNE1	ENST00000448038	0.003261	0.003261	T	T
SYNE3	ENST00000554873	0.002968	0.002968	T	T
SYT10	ENST00000228567	0.4516	0.4516	T	T
SYT7	ENST00000539008	0.01782	0.01782	T	T
SYTL3	ENST00000360448	0.001988	0.001988	T	T
SYTL3	ENST00000367081	0.001988	0.001988	T	T
SYTL3	ENST00000611299	0.001988	0.001988	T	T
TARM1	ENST00000616041	0.0008049	0.0008049	T	T
TARS1	ENST00000506040	0.3524	0.3524	T	T
TAS2R60	ENST00000332690	0.006331	0.006331	T	T
TBATA	ENST00000299290	0.006095	0.006095	T	T
TBATA	ENST00000456372	0.006095	0.006095	T	T
TBC1D28	ENST00000345096	0.06484	0.06484	T	T
TBC1D3H	ENST00000610350	0.05022	0.05022	T	T
TBC1D5	ENST00000429924	0.07376	0.07376	T	T
TBCB	ENST00000586868	0.007706	0.007706	T	T
TBL1XR1	ENST00000626758	0.6098	0.6098	T	T
TBRG4	ENST00000483615	0.005333	0.005333	T	T
TCTE1	ENST00000371504	0.009062	0.009062	T	T
TDRP	ENST00000523656	0.0468	0.0468	T	T
TDRP	ENST00000613071	0.0468	0.0468	T	T
TECRL	ENST00000507440	0.6116	0.6116	T	T
TENT4A	ENST00000631941	0.4593	0.4593	T	T
TENT5A	ENST00000369756	0.008754	0.008754	T	T
TENT5A	ENST00000369756	0.1627	0.1627	F	T
TES	ENST00000393484	0.005922	0.005922	T	T
TEX264	ENST00000444233	0.01249	0.01249	T	T
TEX53	ENST00000423632	0.003675	0.003675	T	T
TGFBR2	ENST00000295754	0.02058	0.02058	T	T
TGOLN2	ENST00000282120	0.02534	0.02534	T	T
THBS2	ENST00000435791	0.1984	0.1984	T	T
TIAM2	ENST00000535583	0.01196	0.01196	T	T
TIMM13	ENST00000215570	0.000111	0.000111	T	T
TLE2	ENST00000443826	0.002381	0.002381	T	T
TMEM106A	ENST00000588693	0.02868	0.02868	T	T
TMEM114	ENST00000620492	0.1735	0.1735	T	T
TMEM114	ENST00000624696	0.1735	0.1735	T	T
TMEM132B	ENST00000299308	0.07338	0.07338	T	T
TMEM170B	ENST00000379426	0.02189	0.02189	T	T
TMEM18	ENST00000355654	0.3249	0.3249	T	T
TMEM181	ENST00000367090	0.07245	0.07245	T	T
TMEM181	ENST00000367090	0.1081	0.1081	F	T
TMEM181	ENST00000367090	0.1083	0.1083	F	T
TMEM222	ENST00000498220	0.007735	0.007735	T	T
TMEM267	ENST00000500337	0.01897	0.01897	T	T
TMEM33	ENST00000508448	0.119	0.119	T	T
TMEM33	ENST00000513702	0.119	0.119	T	T
TMEM71	ENST00000522780	0.00101	0.00101	T	T
TMTC1	ENST00000256062	0.1348	0.1348	T	T
TMTC4	ENST00000328767	0.02221	0.02221	T	T
TMX1	ENST00000457354	0.08146	0.08146	T	T
TMX4	ENST00000246024	0.0414	0.0414	T	T
TNC	ENST00000535648	0.1974	0.1974	T	T
TNFRSF17	ENST00000562385	0.00873	0.00873	T	T
TNFRSF19	ENST00000382263	0.1099	0.1099	T	T
TNFSF4	ENST00000367718	0.0083	0.0083	T	T
TNFSF9	ENST00000245817	0.02838	0.02838	T	T
TNNI3K	ENST00000326637	0.1197	0.1197	T	T
TNP1	ENST00000236979	0.5544	0.5544	T	T
TNRC6C	ENST00000636222	0.4416	0.4416	T	T
TOMM20	ENST00000366607	0.3704	0.3704	T	T
TPGS1	ENST00000359315	0.0008809	0.0008809	T	T
TPK1	ENST00000552881	0.2026	0.2026	T	T
TPK1	ENST00000552881	0.3363	0.3363	F	T
TPM3	ENST00000611659	0.004146	0.004146	T	T
TPST1	ENST00000451388	0.107	0.107	T	T
TPTE	ENST00000622113	0.138	0.138	T	T
TRAPPC9	ENST00000634178	0.1316	0.1316	T	T
TREML2	ENST00000483722	0.02836	0.02836	T	T
TRIB2	ENST00000155926	0.1696	0.1696	T	T
TRIB2	ENST00000155926	0.5006	0.5006	F	T
TRIM49D2	ENST00000526396	0.000225	0.000225	T	T
TRMT2A	ENST00000444845	0.01701	0.01701	T	T
TRPC4	ENST00000379705	0.2458	0.2458	T	T
TRPC4AP	ENST00000252015	0.005177	0.005177	T	T
TRPC4AP	ENST00000451813	0.005177	0.005177	T	T
TRPC7	ENST00000352189	0.7777	0.7777	T	T
TSPAN15	ENST00000452130	0.004966	0.004966	T	T
TTC23L	ENST00000505624	0.1185	0.1185	T	T
TTC27	ENST00000438654	0.006375	0.006375	T	T
TTC28	ENST00000612946	0.03973	0.03973	T	T
TTC29	ENST00000325106	0.159	0.159	T	T
TTC29	ENST00000504425	0.159	0.159	T	T
TTLL11	ENST00000487468	0.1233	0.1233	T	T
TTLL11	ENST00000487468	0.3149	0.3149	F	T
TTLL9	ENST00000620043	0.005371	0.005371	T	T
TTLL9	ENST00000612972	0.006293	0.006293	T	T
TUBA1A	ENST00000301071	0.007344	0.007344	T	T
TUBA1C	ENST00000541364	0.03619	0.03619	T	T
TUSC1	ENST00000358022	0.2944	0.2944	T	T
TUSC2	ENST00000232496	0.00353	0.00353	T	T
TUT4	ENST00000355809	0.0623	0.0623	T	T
TYK2	ENST00000525220	0.006024	0.006024	T	T
TYR	ENST00000263321	0.01201	0.01201	T	T
UBAP2	ENST00000360802	0.01401	0.01401	T	T
UBAP2	ENST00000412543	0.01401	0.01401	T	T
UBE2E2	ENST00000425792	0.2126	0.2126	T	T
UBE2G1	ENST00000571953	0.03216	0.03216	T	T
UBE2S	ENST00000264552	0.02676	0.02676	T	T
UBIAD1	ENST00000483738	0.1547	0.1547	T	T
UBR3	ENST00000392632	0.05775	0.05775	T	T
UBR5	ENST00000521922	0.1304	0.1304	T	T
UCHL1	ENST00000514924	0.009479	0.009479	T	T
UCHL1	ENST00000512788	0.07593	0.07593	F	T
UGGT2	ENST00000376712	0.000106	0.000106	T	T
ULK2	ENST00000361658	0.06442	0.06442	T	T
ULK2	ENST00000395544	0.06442	0.06442	T	T
ULK4	ENST00000414606	0.0354	0.0354	T	T
UNC93B1	ENST00000227471	0.3223	0.3223	T	T
USH2A	ENST00000366942	0.03836	0.03836	T	T
USP17L3	ENST00000530484	0.2804	0.2804	T	T
USP28	ENST00000003302	0.02892	0.02892	T	T
USP28	ENST00000545540	0.02892	0.02892	T	T
VASP	ENST00000245932	0.0005439	0.0005439	T	T
VCAN	ENST00000502527	0.000339	0.000339	T	T
VEGFC	ENST00000618562	0.4693	0.4693	T	T
VWC2	ENST00000340652	0.213	0.213	T	T
WASF1	ENST00000265601	0.02999	0.02999	T	T
WASF1	ENST00000447287	0.02999	0.02999	T	T
WDPCP	ENST00000272321	0.08182	0.08182	T	T
WDR53	ENST00000433160	0.05556	0.05556	T	T
WSB1	ENST00000584114	0.03935	0.03935	T	T
WSCD2	ENST00000547525	0.05791	0.05791	T	T
WWC1	ENST00000265293	0.1007	0.1007	T	T
WWC2	ENST00000508747	0.03505	0.03505	T	T
WWOX	ENST00000620008	0.711	0.711	T	T
XKR4	ENST00000327381	0.06268	0.06268	T	T
XKR4	ENST00000327381	0.335	0.335	F	T
XXYLT1	ENST00000310380	0.01899	0.01899	T	T
XYLT1	ENST00000261381	0.09882	0.09882	T	T
YAE1	ENST00000448268	0.0681	0.0681	T	T
YARS2	ENST00000324868	0.06378	0.06378	T	T
YJU2B	ENST00000586600	0.06094	0.06094	T	T
ZBBX	ENST00000307529	0.2728	0.2728	T	T
ZBBX	ENST00000392767	0.2728	0.2728	T	T
ZBBX	ENST00000307529	0.2732	0.2732	F	T
ZBBX	ENST00000392767	0.2732	0.2732	F	T
ZC3H15	ENST00000337859	0.0915	0.0915	T	T
ZC3HAV1	ENST00000460845	0.02649	0.02649	T	T
ZNF462	ENST00000277225	0.04278	0.04278	T	T
ZNF462	ENST00000472574	0.04278	0.04278	T	T
ZNF735	ENST00000429565	0.04164	0.04164	T	T
ZNF850	ENST00000589390	0.01473	0.01473	T	T
ZNF850	ENST00000589390	0.03628	0.03628	F	T
ZNF850	ENST00000589390	0.05508	0.05508	F	T
ZWINT	ENST00000318387	0.3515	0.3515	T	T
ZYG11A	ENST00000371528	0.008134	0.008134	T	T
ZZEF1	ENST00000381638	0.06272	0.06272	T	T
